brand,substrate,mean_r,cv_cpc,c_p,status,flagged,analyzable,group,exclusion_reason
Dan Clark Audio,v0.19,0.833333,0.481456,6,undefined,True,True,phantom_analyzable,
Denon,v0.19,0.000000,,3,undefined,True,False,phantom_excluded,all_zero_recall_undefined_cv
Final Audio,v0.19,0.000000,,6,undefined,True,False,phantom_excluded,all_zero_recall_undefined_cv
Koss,v0.19,0.000000,,2,undefined,True,False,phantom_excluded,all_zero_recall_undefined_cv
Meze,v0.19,0.666667,0.472136,6,undefined,True,True,phantom_analyzable,
Spirit Torino,v0.19,0.000000,,5,undefined,True,False,phantom_excluded,all_zero_recall_undefined_cv
Stax,v0.19,0.666667,0.585786,5,undefined,True,True,phantom_analyzable,
ZMF Headphones,v0.19,0.166667,0.309017,6,undefined,True,True,phantom_analyzable,
Audeze,v0.19,2.500000,0.665193,6,defined,False,False,non_phantom,comparison_group
Audio-Technica,v0.19,3.666667,0.608708,6,defined,False,False,non_phantom,comparison_group
Beyerdynamic,v0.19,3.666667,0.671339,6,defined,False,False,non_phantom,comparison_group
Focal,v0.19,3.166667,0.668215,6,defined,False,False,non_phantom,comparison_group
Grado,v0.19,1.166667,0.565192,6,defined,False,False,non_phantom,comparison_group
HiFiMan,v0.19,2.166667,0.669995,6,defined,False,False,non_phantom,comparison_group
Sennheiser,v0.19,5.000000,0.690983,6,defined,False,False,non_phantom,comparison_group
Sony,v0.19,4.000000,0.666667,4,defined,False,False,non_phantom,comparison_group
Bioderma,v0.20,0.333333,0.414214,6,undefined,True,True,phantom_analyzable,
Chanel Beauty,v0.20,0.000000,,3,undefined,True,False,phantom_excluded,all_zero_recall_undefined_cv
Clé de Peau Beauté,v0.20,0.000000,,6,undefined,True,False,phantom_excluded,all_zero_recall_undefined_cv
Dior Beauty,v0.20,0.000000,,3,undefined,True,False,phantom_excluded,all_zero_recall_undefined_cv
Estée Lauder,v0.20,0.166667,0.309017,6,undefined,True,True,phantom_analyzable,
Eucerin,v0.20,0.500000,0.500000,6,undefined,True,True,phantom_analyzable,
Fenty Skin,v0.20,0.666667,0.585786,6,undefined,True,True,phantom_analyzable,
Glossier,v0.20,0.500000,0.395644,6,undefined,True,True,phantom_analyzable,
Goop,v0.20,0.166667,0.309017,2,undefined,True,True,phantom_analyzable,
La Prairie,v0.20,0.000000,,6,undefined,True,False,phantom_excluded,all_zero_recall_undefined_cv
Lancôme,v0.20,0.000000,,6,undefined,True,False,phantom_excluded,all_zero_recall_undefined_cv
Rare Beauty,v0.20,0.500000,0.500000,0,undefined,True,True,phantom_analyzable,
Sisley,v0.20,0.333333,0.414214,6,undefined,True,True,phantom_analyzable,
Tower 28,v0.20,0.166667,0.309017,2,undefined,True,True,phantom_analyzable,
Augustinus Bader,v0.20,1.166667,0.565192,6,defined,False,False,non_phantom,comparison_group
CeraVe,v0.20,5.833333,0.939949,6,defined,False,False,non_phantom,comparison_group
Cetaphil,v0.20,1.333333,0.738796,6,defined,False,False,non_phantom,comparison_group
Drunk Elephant,v0.20,5.000000,0.896483,6,defined,False,False,non_phantom,comparison_group
La Mer,v0.20,1.500000,0.662614,6,defined,False,False,non_phantom,comparison_group
La Roche-Posay,v0.20,4.500000,0.900000,6,defined,False,False,non_phantom,comparison_group
Paula's Choice,v0.20,3.500000,0.685297,6,defined,False,False,non_phantom,comparison_group
Rhode,v0.20,1.166667,0.522266,6,defined,False,False,non_phantom,comparison_group
SkinCeuticals,v0.20,4.500000,0.854902,6,defined,False,False,non_phantom,comparison_group
The Ordinary,v0.20,5.166667,0.932722,6,defined,False,False,non_phantom,comparison_group
Chantecaille,v0.21,0.000000,,6,undefined,True,False,phantom_excluded,all_zero_recall_undefined_cv
CoverGirl,v0.21,0.000000,,6,undefined,True,False,phantom_excluded,all_zero_recall_undefined_cv
Giorgio Armani Beauty,v0.21,0.166667,0.309017,6,undefined,True,True,phantom_analyzable,
Haus Labs,v0.21,0.666667,0.472136,6,undefined,True,True,phantom_analyzable,
Hourglass,v0.21,0.333333,0.309017,6,undefined,True,True,phantom_analyzable,
Kylie Cosmetics,v0.21,0.833333,0.548059,6,undefined,True,True,phantom_analyzable,
Laura Mercier,v0.21,0.833333,0.481456,6,undefined,True,True,phantom_analyzable,
Milani Cosmetics,v0.21,0.000000,,6,undefined,True,False,phantom_excluded,all_zero_recall_undefined_cv
Revlon,v0.21,0.000000,,6,undefined,True,False,phantom_excluded,all_zero_recall_undefined_cv
Wet n Wild,v0.21,0.000000,,6,undefined,True,False,phantom_excluded,all_zero_recall_undefined_cv
Anastasia Beverly Hills,v0.21,2.166667,0.759208,6,defined,False,False,non_phantom,comparison_group
Bobbi Brown,v0.21,1.333333,0.738796,6,defined,False,False,non_phantom,comparison_group
Charlotte Tilbury,v0.21,4.833333,0.799336,6,defined,False,False,non_phantom,comparison_group
Fenty Beauty,v0.21,4.166667,0.796099,6,defined,False,False,non_phantom,comparison_group
Huda Beauty,v0.21,1.833333,0.632070,6,defined,False,False,non_phantom,comparison_group
L'Oréal Paris,v0.21,1.166667,0.522266,6,defined,False,False,non_phantom,comparison_group
MAC Cosmetics,v0.21,2.666667,0.738796,6,defined,False,False,non_phantom,comparison_group
Maybelline,v0.21,2.000000,0.510875,6,defined,False,False,non_phantom,comparison_group
NARS,v0.21,4.833333,0.843387,6,defined,False,False,non_phantom,comparison_group
NYX Professional Makeup,v0.21,1.833333,0.522568,6,defined,False,False,non_phantom,comparison_group
Pat McGrath Labs,v0.21,2.333333,0.757898,6,defined,False,False,non_phantom,comparison_group
Rare Beauty,v0.21,3.000000,0.838610,6,defined,False,False,non_phantom,comparison_group
Tom Ford Beauty,v0.21,1.000000,0.500000,6,defined,False,False,non_phantom,comparison_group
e.l.f. Cosmetics,v0.21,1.666667,0.638698,6,defined,False,False,non_phantom,comparison_group
Fisker,v0.22,0.000000,,5,undefined,True,False,phantom_excluded,all_zero_recall_undefined_cv
Lucid,v0.22,0.000000,,6,undefined,True,False,phantom_excluded,all_zero_recall_undefined_cv
Mercury,v0.22,0.000000,,6,undefined,True,False,phantom_excluded,all_zero_recall_undefined_cv
Nissan,v0.22,0.000000,,6,undefined,True,False,phantom_excluded,all_zero_recall_undefined_cv
Oldsmobile,v0.22,0.000000,,6,undefined,True,False,phantom_excluded,all_zero_recall_undefined_cv
Plymouth,v0.22,0.000000,,6,undefined,True,False,phantom_excluded,all_zero_recall_undefined_cv
Polestar,v0.22,0.000000,,6,undefined,True,False,phantom_excluded,all_zero_recall_undefined_cv
Pontiac,v0.22,0.000000,,6,undefined,True,False,phantom_excluded,all_zero_recall_undefined_cv
Rivian,v0.22,0.166667,0.309017,6,undefined,True,True,phantom_analyzable,
Saturn,v0.22,0.000000,,6,undefined,True,False,phantom_excluded,all_zero_recall_undefined_cv
BMW,v0.22,3.666667,0.831063,6,defined,False,False,non_phantom,comparison_group
Bentley,v0.22,2.000000,1.000000,6,defined,False,False,non_phantom,comparison_group
Cadillac,v0.22,1.333333,0.641430,6,defined,False,False,non_phantom,comparison_group
Chevrolet,v0.22,1.166667,0.757898,6,defined,False,False,non_phantom,comparison_group
Ford,v0.22,1.333333,0.738796,6,defined,False,False,non_phantom,comparison_group
Honda,v0.22,3.000000,1.000000,6,defined,False,False,non_phantom,comparison_group
Hyundai,v0.22,2.666667,0.738796,6,defined,False,False,non_phantom,comparison_group
Jaguar,v0.22,1.666667,0.690983,6,defined,False,False,non_phantom,comparison_group
Mercedes-Benz,v0.22,4.333333,0.901888,6,defined,False,False,non_phantom,comparison_group
Porsche,v0.22,5.333333,0.877382,6,defined,False,False,non_phantom,comparison_group
Rolls-Royce,v0.22,2.166667,0.759208,6,defined,False,False,non_phantom,comparison_group
Tesla,v0.22,2.166667,0.759208,6,defined,False,False,non_phantom,comparison_group
Toyota,v0.22,4.000000,0.873868,6,defined,False,False,non_phantom,comparison_group
Volkswagen,v0.22,1.166667,0.757898,6,defined,False,False,non_phantom,comparison_group
S01,v0.23,0.166667,0.309017,6,undefined,True,True,phantom_analyzable,
S03,v0.23,0.833333,0.690983,6,undefined,True,True,phantom_analyzable,
S06,v0.23,0.333333,0.414214,6,undefined,True,True,phantom_analyzable,
S07,v0.23,0.000000,,6,undefined,True,False,phantom_excluded,all_zero_recall_undefined_cv
S08,v0.23,0.166667,0.309017,6,undefined,True,True,phantom_analyzable,
S09,v0.23,0.666667,0.472136,6,undefined,True,True,phantom_analyzable,
S10,v0.23,0.833333,0.481456,6,undefined,True,True,phantom_analyzable,
S12,v0.23,0.166667,0.309017,6,undefined,True,True,phantom_analyzable,
S14,v0.23,0.000000,,6,undefined,True,False,phantom_excluded,all_zero_recall_undefined_cv
S16,v0.23,0.000000,,6,undefined,True,False,phantom_excluded,all_zero_recall_undefined_cv
S18,v0.23,0.000000,,6,undefined,True,False,phantom_excluded,all_zero_recall_undefined_cv
S21,v0.23,0.000000,,6,undefined,True,False,phantom_excluded,all_zero_recall_undefined_cv
S22,v0.23,0.666667,0.472136,6,undefined,True,True,phantom_analyzable,
S23,v0.23,0.333333,0.414214,6,undefined,True,True,phantom_analyzable,
S24,v0.23,0.666667,0.472136,6,undefined,True,True,phantom_analyzable,
S02,v0.23,1.666667,0.638698,6,defined,False,False,non_phantom,comparison_group
S04,v0.23,1.833333,0.632070,6,defined,False,False,non_phantom,comparison_group
S05,v0.23,1.500000,0.610395,6,defined,False,False,non_phantom,comparison_group
S11,v0.23,1.500000,0.442091,6,defined,False,False,non_phantom,comparison_group
S13,v0.23,1.166667,0.443741,6,defined,False,False,non_phantom,comparison_group
S15,v0.23,1.666667,0.601205,6,defined,False,False,non_phantom,comparison_group
S17,v0.23,1.500000,0.543812,6,defined,False,False,non_phantom,comparison_group
S19,v0.23,1.166667,0.565192,6,defined,False,False,non_phantom,comparison_group
S20,v0.23,1.500000,0.610395,6,defined,False,False,non_phantom,comparison_group
