brand,category,region,bundle_id,date,wave,raw_value,pivot_raw_value,rescaled_value
CeraVe,skincare,worldwide,1,2026-04-27,t1,67,67,100.0
Cetaphil,skincare,worldwide,1,2026-04-27,t1,3,67,4.48
Neutrogena,skincare,worldwide,1,2026-04-27,t1,3,67,4.48
La Roche-Posay,skincare,worldwide,1,2026-04-27,t1,83,67,123.88
Vanicream,skincare,worldwide,1,2026-04-27,t1,0,67,0.0
CeraVe,skincare,worldwide,1,2026-04-28,t1,63,63,100.0
Cetaphil,skincare,worldwide,1,2026-04-28,t1,3,63,4.76
Neutrogena,skincare,worldwide,1,2026-04-28,t1,3,63,4.76
La Roche-Posay,skincare,worldwide,1,2026-04-28,t1,79,63,125.4
Vanicream,skincare,worldwide,1,2026-04-28,t1,0,63,0.0
CeraVe,skincare,worldwide,1,2026-04-29,t1,62,62,100.0
Cetaphil,skincare,worldwide,1,2026-04-29,t1,3,62,4.84
Neutrogena,skincare,worldwide,1,2026-04-29,t1,3,62,4.84
La Roche-Posay,skincare,worldwide,1,2026-04-29,t1,80,62,129.03
Vanicream,skincare,worldwide,1,2026-04-29,t1,0,62,0.0
CeraVe,skincare,worldwide,1,2026-04-30,t1,64,64,100.0
Cetaphil,skincare,worldwide,1,2026-04-30,t1,3,64,4.69
Neutrogena,skincare,worldwide,1,2026-04-30,t1,4,64,6.25
La Roche-Posay,skincare,worldwide,1,2026-04-30,t1,72,64,112.5
Vanicream,skincare,worldwide,1,2026-04-30,t1,0,64,0.0
CeraVe,skincare,worldwide,1,2026-05-01,t1,68,68,100.0
Cetaphil,skincare,worldwide,1,2026-05-01,t1,3,68,4.41
Neutrogena,skincare,worldwide,1,2026-05-01,t1,3,68,4.41
La Roche-Posay,skincare,worldwide,1,2026-05-01,t1,76,68,111.76
Vanicream,skincare,worldwide,1,2026-05-01,t1,0,68,0.0
CeraVe,skincare,worldwide,1,2026-05-02,t1,74,74,100.0
Cetaphil,skincare,worldwide,1,2026-05-02,t1,3,74,4.05
Neutrogena,skincare,worldwide,1,2026-05-02,t1,4,74,5.41
La Roche-Posay,skincare,worldwide,1,2026-05-02,t1,82,74,110.81
Vanicream,skincare,worldwide,1,2026-05-02,t1,0,74,0.0
CeraVe,skincare,worldwide,1,2026-05-03,t1,71,71,100.0
Cetaphil,skincare,worldwide,1,2026-05-03,t1,3,71,4.23
Neutrogena,skincare,worldwide,1,2026-05-03,t1,4,71,5.63
La Roche-Posay,skincare,worldwide,1,2026-05-03,t1,84,71,118.31
Vanicream,skincare,worldwide,1,2026-05-03,t1,0,71,0.0
CeraVe,skincare,worldwide,1,2026-05-04,t2,69,69,100.0
Cetaphil,skincare,worldwide,1,2026-05-04,t2,3,69,4.35
Neutrogena,skincare,worldwide,1,2026-05-04,t2,4,69,5.8
La Roche-Posay,skincare,worldwide,1,2026-05-04,t2,81,69,117.39
Vanicream,skincare,worldwide,1,2026-05-04,t2,0,69,0.0
CeraVe,skincare,worldwide,1,2026-05-05,t2,67,67,100.0
Cetaphil,skincare,worldwide,1,2026-05-05,t2,3,67,4.48
Neutrogena,skincare,worldwide,1,2026-05-05,t2,4,67,5.97
La Roche-Posay,skincare,worldwide,1,2026-05-05,t2,81,67,120.9
Vanicream,skincare,worldwide,1,2026-05-05,t2,0,67,0.0
CeraVe,skincare,worldwide,1,2026-05-06,t2,95,95,100.0
Cetaphil,skincare,worldwide,1,2026-05-06,t2,3,95,3.16
Neutrogena,skincare,worldwide,1,2026-05-06,t2,28,95,29.47
La Roche-Posay,skincare,worldwide,1,2026-05-06,t2,100,95,105.26
Vanicream,skincare,worldwide,1,2026-05-06,t2,0,95,0.0
CeraVe,skincare,worldwide,1,2026-05-07,t2,69,69,100.0
Cetaphil,skincare,worldwide,1,2026-05-07,t2,3,69,4.35
Neutrogena,skincare,worldwide,1,2026-05-07,t2,5,69,7.25
La Roche-Posay,skincare,worldwide,1,2026-05-07,t2,72,69,104.35
Vanicream,skincare,worldwide,1,2026-05-07,t2,0,69,0.0
CeraVe,skincare,worldwide,1,2026-05-08,t2,66,66,100.0
Cetaphil,skincare,worldwide,1,2026-05-08,t2,3,66,4.55
Neutrogena,skincare,worldwide,1,2026-05-08,t2,5,66,7.58
La Roche-Posay,skincare,worldwide,1,2026-05-08,t2,75,66,113.64
Vanicream,skincare,worldwide,1,2026-05-08,t2,0,66,0.0
CeraVe,skincare,worldwide,1,2026-05-09,t2,71,71,100.0
Cetaphil,skincare,worldwide,1,2026-05-09,t2,3,71,4.23
Neutrogena,skincare,worldwide,1,2026-05-09,t2,5,71,7.04
La Roche-Posay,skincare,worldwide,1,2026-05-09,t2,76,71,107.04
Vanicream,skincare,worldwide,1,2026-05-09,t2,0,71,0.0
CeraVe,skincare,worldwide,1,2026-05-10,t2,65,65,100.0
Cetaphil,skincare,worldwide,1,2026-05-10,t2,3,65,4.62
Neutrogena,skincare,worldwide,1,2026-05-10,t2,5,65,7.69
La Roche-Posay,skincare,worldwide,1,2026-05-10,t2,71,65,109.23
Vanicream,skincare,worldwide,1,2026-05-10,t2,0,65,0.0
Skinceuticals,skincare,worldwide,2,2026-04-27,t1,10,76,13.16
Eucerin,skincare,worldwide,2,2026-04-27,t1,15,76,19.74
Paula's Choice,skincare,worldwide,2,2026-04-27,t1,8,76,10.53
Drunk Elephant,skincare,worldwide,2,2026-04-27,t1,3,76,3.95
Skinceuticals,skincare,worldwide,2,2026-04-28,t1,10,71,14.08
Eucerin,skincare,worldwide,2,2026-04-28,t1,14,71,19.72
Paula's Choice,skincare,worldwide,2,2026-04-28,t1,7,71,9.86
Drunk Elephant,skincare,worldwide,2,2026-04-28,t1,3,71,4.23
Skinceuticals,skincare,worldwide,2,2026-04-29,t1,10,72,13.89
Eucerin,skincare,worldwide,2,2026-04-29,t1,15,72,20.83
Paula's Choice,skincare,worldwide,2,2026-04-29,t1,7,72,9.72
Drunk Elephant,skincare,worldwide,2,2026-04-29,t1,3,72,4.17
Skinceuticals,skincare,worldwide,2,2026-04-30,t1,11,71,15.49
Eucerin,skincare,worldwide,2,2026-04-30,t1,14,71,19.72
Paula's Choice,skincare,worldwide,2,2026-04-30,t1,7,71,9.86
Drunk Elephant,skincare,worldwide,2,2026-04-30,t1,3,71,4.23
Skinceuticals,skincare,worldwide,2,2026-05-01,t1,11,76,14.47
Eucerin,skincare,worldwide,2,2026-05-01,t1,14,76,18.42
Paula's Choice,skincare,worldwide,2,2026-05-01,t1,8,76,10.53
Drunk Elephant,skincare,worldwide,2,2026-05-01,t1,3,76,3.95
Skinceuticals,skincare,worldwide,2,2026-05-02,t1,11,86,12.79
Eucerin,skincare,worldwide,2,2026-05-02,t1,14,86,16.28
Paula's Choice,skincare,worldwide,2,2026-05-02,t1,8,86,9.3
Drunk Elephant,skincare,worldwide,2,2026-05-02,t1,3,86,3.49
Skinceuticals,skincare,worldwide,2,2026-05-03,t1,11,80,13.75
Eucerin,skincare,worldwide,2,2026-05-03,t1,15,80,18.75
Paula's Choice,skincare,worldwide,2,2026-05-03,t1,9,80,11.25
Drunk Elephant,skincare,worldwide,2,2026-05-03,t1,4,80,5.0
Skinceuticals,skincare,worldwide,2,2026-05-04,t2,10,79,12.66
Eucerin,skincare,worldwide,2,2026-05-04,t2,15,79,18.99
Paula's Choice,skincare,worldwide,2,2026-05-04,t2,7,79,8.86
Drunk Elephant,skincare,worldwide,2,2026-05-04,t2,3,79,3.8
Skinceuticals,skincare,worldwide,2,2026-05-05,t2,10,74,13.51
Eucerin,skincare,worldwide,2,2026-05-05,t2,14,74,18.92
Paula's Choice,skincare,worldwide,2,2026-05-05,t2,7,74,9.46
Drunk Elephant,skincare,worldwide,2,2026-05-05,t2,3,74,4.05
Skinceuticals,skincare,worldwide,2,2026-05-06,t2,10,100,10.0
Eucerin,skincare,worldwide,2,2026-05-06,t2,14,100,14.0
Paula's Choice,skincare,worldwide,2,2026-05-06,t2,8,100,8.0
Drunk Elephant,skincare,worldwide,2,2026-05-06,t2,3,100,3.0
Skinceuticals,skincare,worldwide,2,2026-05-07,t2,11,77,14.29
Eucerin,skincare,worldwide,2,2026-05-07,t2,14,77,18.18
Paula's Choice,skincare,worldwide,2,2026-05-07,t2,7,77,9.09
Drunk Elephant,skincare,worldwide,2,2026-05-07,t2,3,77,3.9
Skinceuticals,skincare,worldwide,2,2026-05-08,t2,10,75,13.33
Eucerin,skincare,worldwide,2,2026-05-08,t2,14,75,18.67
Paula's Choice,skincare,worldwide,2,2026-05-08,t2,7,75,9.33
Drunk Elephant,skincare,worldwide,2,2026-05-08,t2,3,75,4.0
Skinceuticals,skincare,worldwide,2,2026-05-09,t2,11,80,13.75
Eucerin,skincare,worldwide,2,2026-05-09,t2,13,80,16.25
Paula's Choice,skincare,worldwide,2,2026-05-09,t2,8,80,10.0
Drunk Elephant,skincare,worldwide,2,2026-05-09,t2,3,80,3.75
Skinceuticals,skincare,worldwide,2,2026-05-10,t2,10,72,13.89
Eucerin,skincare,worldwide,2,2026-05-10,t2,13,72,18.06
Paula's Choice,skincare,worldwide,2,2026-05-10,t2,7,72,9.72
Drunk Elephant,skincare,worldwide,2,2026-05-10,t2,3,72,4.17
Tatcha,skincare,worldwide,3,2026-04-27,t1,4,76,5.26
The Ordinary,skincare,worldwide,3,2026-04-27,t1,55,76,72.37
EltaMD,skincare,worldwide,3,2026-04-27,t1,4,76,5.26
Bioderma,skincare,worldwide,3,2026-04-27,t1,33,76,43.42
Tatcha,skincare,worldwide,3,2026-04-28,t1,4,71,5.63
The Ordinary,skincare,worldwide,3,2026-04-28,t1,57,71,80.28
EltaMD,skincare,worldwide,3,2026-04-28,t1,4,71,5.63
Bioderma,skincare,worldwide,3,2026-04-28,t1,34,71,47.89
Tatcha,skincare,worldwide,3,2026-04-29,t1,4,72,5.56
The Ordinary,skincare,worldwide,3,2026-04-29,t1,59,72,81.94
EltaMD,skincare,worldwide,3,2026-04-29,t1,3,72,4.17
Bioderma,skincare,worldwide,3,2026-04-29,t1,32,72,44.44
Tatcha,skincare,worldwide,3,2026-04-30,t1,5,71,7.04
The Ordinary,skincare,worldwide,3,2026-04-30,t1,54,71,76.06
EltaMD,skincare,worldwide,3,2026-04-30,t1,4,71,5.63
Bioderma,skincare,worldwide,3,2026-04-30,t1,33,71,46.48
Tatcha,skincare,worldwide,3,2026-05-01,t1,4,76,5.26
The Ordinary,skincare,worldwide,3,2026-05-01,t1,57,76,75.0
EltaMD,skincare,worldwide,3,2026-05-01,t1,4,76,5.26
Bioderma,skincare,worldwide,3,2026-05-01,t1,30,76,39.47
Tatcha,skincare,worldwide,3,2026-05-02,t1,5,86,5.81
The Ordinary,skincare,worldwide,3,2026-05-02,t1,59,86,68.6
EltaMD,skincare,worldwide,3,2026-05-02,t1,3,86,3.49
Bioderma,skincare,worldwide,3,2026-05-02,t1,33,86,38.37
Tatcha,skincare,worldwide,3,2026-05-03,t1,4,80,5.0
The Ordinary,skincare,worldwide,3,2026-05-03,t1,63,80,78.75
EltaMD,skincare,worldwide,3,2026-05-03,t1,4,80,5.0
Bioderma,skincare,worldwide,3,2026-05-03,t1,32,80,40.0
Tatcha,skincare,worldwide,3,2026-05-04,t2,4,79,5.06
The Ordinary,skincare,worldwide,3,2026-05-04,t2,52,79,65.82
EltaMD,skincare,worldwide,3,2026-05-04,t2,4,79,5.06
Bioderma,skincare,worldwide,3,2026-05-04,t2,33,79,41.77
Tatcha,skincare,worldwide,3,2026-05-05,t2,4,74,5.41
The Ordinary,skincare,worldwide,3,2026-05-05,t2,53,74,71.62
EltaMD,skincare,worldwide,3,2026-05-05,t2,4,74,5.41
Bioderma,skincare,worldwide,3,2026-05-05,t2,36,74,48.65
Tatcha,skincare,worldwide,3,2026-05-06,t2,4,100,4.0
The Ordinary,skincare,worldwide,3,2026-05-06,t2,53,100,53.0
EltaMD,skincare,worldwide,3,2026-05-06,t2,3,100,3.0
Bioderma,skincare,worldwide,3,2026-05-06,t2,33,100,33.0
Tatcha,skincare,worldwide,3,2026-05-07,t2,4,77,5.19
The Ordinary,skincare,worldwide,3,2026-05-07,t2,51,77,66.23
EltaMD,skincare,worldwide,3,2026-05-07,t2,3,77,3.9
Bioderma,skincare,worldwide,3,2026-05-07,t2,32,77,41.56
Tatcha,skincare,worldwide,3,2026-05-08,t2,4,75,5.33
The Ordinary,skincare,worldwide,3,2026-05-08,t2,53,75,70.67
EltaMD,skincare,worldwide,3,2026-05-08,t2,3,75,4.0
Bioderma,skincare,worldwide,3,2026-05-08,t2,31,75,41.33
Tatcha,skincare,worldwide,3,2026-05-09,t2,5,80,6.25
The Ordinary,skincare,worldwide,3,2026-05-09,t2,56,80,70.0
EltaMD,skincare,worldwide,3,2026-05-09,t2,4,80,5.0
Bioderma,skincare,worldwide,3,2026-05-09,t2,32,80,40.0
Tatcha,skincare,worldwide,3,2026-05-10,t2,5,72,6.94
The Ordinary,skincare,worldwide,3,2026-05-10,t2,57,72,79.17
EltaMD,skincare,worldwide,3,2026-05-10,t2,3,72,4.17
Bioderma,skincare,worldwide,3,2026-05-10,t2,30,72,41.67
Avène,skincare,worldwide,4,2026-04-27,t1,32,74,43.24
Aveeno,skincare,worldwide,4,2026-04-27,t1,13,74,17.57
First Aid Beauty,skincare,worldwide,4,2026-04-27,t1,1,74,1.35
Augustinus Bader,skincare,worldwide,4,2026-04-27,t1,1,74,1.35
Avène,skincare,worldwide,4,2026-04-28,t1,32,71,45.07
Aveeno,skincare,worldwide,4,2026-04-28,t1,13,71,18.31
First Aid Beauty,skincare,worldwide,4,2026-04-28,t1,1,71,1.41
Augustinus Bader,skincare,worldwide,4,2026-04-28,t1,1,71,1.41
Avène,skincare,worldwide,4,2026-04-29,t1,33,71,46.48
Aveeno,skincare,worldwide,4,2026-04-29,t1,12,71,16.9
First Aid Beauty,skincare,worldwide,4,2026-04-29,t1,1,71,1.41
Augustinus Bader,skincare,worldwide,4,2026-04-29,t1,1,71,1.41
Avène,skincare,worldwide,4,2026-04-30,t1,31,71,43.66
Aveeno,skincare,worldwide,4,2026-04-30,t1,13,71,18.31
First Aid Beauty,skincare,worldwide,4,2026-04-30,t1,1,71,1.41
Augustinus Bader,skincare,worldwide,4,2026-04-30,t1,1,71,1.41
Avène,skincare,worldwide,4,2026-05-01,t1,31,74,41.89
Aveeno,skincare,worldwide,4,2026-05-01,t1,14,74,18.92
First Aid Beauty,skincare,worldwide,4,2026-05-01,t1,2,74,2.7
Augustinus Bader,skincare,worldwide,4,2026-05-01,t1,1,74,1.35
Avène,skincare,worldwide,4,2026-05-02,t1,33,83,39.76
Aveeno,skincare,worldwide,4,2026-05-02,t1,13,83,15.66
First Aid Beauty,skincare,worldwide,4,2026-05-02,t1,2,83,2.41
Augustinus Bader,skincare,worldwide,4,2026-05-02,t1,1,83,1.2
Avène,skincare,worldwide,4,2026-05-03,t1,30,80,37.5
Aveeno,skincare,worldwide,4,2026-05-03,t1,14,80,17.5
First Aid Beauty,skincare,worldwide,4,2026-05-03,t1,2,80,2.5
Augustinus Bader,skincare,worldwide,4,2026-05-03,t1,2,80,2.5
Avène,skincare,worldwide,4,2026-05-04,t2,35,77,45.45
Aveeno,skincare,worldwide,4,2026-05-04,t2,12,77,15.58
First Aid Beauty,skincare,worldwide,4,2026-05-04,t2,2,77,2.6
Augustinus Bader,skincare,worldwide,4,2026-05-04,t2,1,77,1.3
Avène,skincare,worldwide,4,2026-05-05,t2,33,77,42.86
Aveeno,skincare,worldwide,4,2026-05-05,t2,12,77,15.58
First Aid Beauty,skincare,worldwide,4,2026-05-05,t2,2,77,2.6
Augustinus Bader,skincare,worldwide,4,2026-05-05,t2,1,77,1.3
Avène,skincare,worldwide,4,2026-05-06,t2,33,100,33.0
Aveeno,skincare,worldwide,4,2026-05-06,t2,34,100,34.0
First Aid Beauty,skincare,worldwide,4,2026-05-06,t2,1,100,1.0
Augustinus Bader,skincare,worldwide,4,2026-05-06,t2,1,100,1.0
Avène,skincare,worldwide,4,2026-05-07,t2,31,76,40.79
Aveeno,skincare,worldwide,4,2026-05-07,t2,12,76,15.79
First Aid Beauty,skincare,worldwide,4,2026-05-07,t2,1,76,1.32
Augustinus Bader,skincare,worldwide,4,2026-05-07,t2,1,76,1.32
Avène,skincare,worldwide,4,2026-05-08,t2,30,76,39.47
Aveeno,skincare,worldwide,4,2026-05-08,t2,12,76,15.79
First Aid Beauty,skincare,worldwide,4,2026-05-08,t2,1,76,1.32
Augustinus Bader,skincare,worldwide,4,2026-05-08,t2,1,76,1.32
Avène,skincare,worldwide,4,2026-05-09,t2,31,79,39.24
Aveeno,skincare,worldwide,4,2026-05-09,t2,13,79,16.46
First Aid Beauty,skincare,worldwide,4,2026-05-09,t2,2,79,2.53
Augustinus Bader,skincare,worldwide,4,2026-05-09,t2,1,79,1.27
Avène,skincare,worldwide,4,2026-05-10,t2,26,71,36.62
Aveeno,skincare,worldwide,4,2026-05-10,t2,12,71,16.9
First Aid Beauty,skincare,worldwide,4,2026-05-10,t2,1,71,1.41
Augustinus Bader,skincare,worldwide,4,2026-05-10,t2,1,71,1.41
Youth to the People,skincare,worldwide,5,2026-04-27,t1,0,76,0.0
La Mer,skincare,worldwide,5,2026-04-27,t1,6,76,7.89
Estée Lauder,skincare,worldwide,5,2026-04-27,t1,4,76,5.26
Lancôme,skincare,worldwide,5,2026-04-27,t1,3,76,3.95
Youth to the People,skincare,worldwide,5,2026-04-28,t1,0,71,0.0
La Mer,skincare,worldwide,5,2026-04-28,t1,6,71,8.45
Estée Lauder,skincare,worldwide,5,2026-04-28,t1,4,71,5.63
Lancôme,skincare,worldwide,5,2026-04-28,t1,3,71,4.23
Youth to the People,skincare,worldwide,5,2026-04-29,t1,0,72,0.0
La Mer,skincare,worldwide,5,2026-04-29,t1,6,72,8.33
Estée Lauder,skincare,worldwide,5,2026-04-29,t1,5,72,6.94
Lancôme,skincare,worldwide,5,2026-04-29,t1,3,72,4.17
Youth to the People,skincare,worldwide,5,2026-04-30,t1,0,71,0.0
La Mer,skincare,worldwide,5,2026-04-30,t1,7,71,9.86
Estée Lauder,skincare,worldwide,5,2026-04-30,t1,6,71,8.45
Lancôme,skincare,worldwide,5,2026-04-30,t1,3,71,4.23
Youth to the People,skincare,worldwide,5,2026-05-01,t1,0,76,0.0
La Mer,skincare,worldwide,5,2026-05-01,t1,7,76,9.21
Estée Lauder,skincare,worldwide,5,2026-05-01,t1,8,76,10.53
Lancôme,skincare,worldwide,5,2026-05-01,t1,4,76,5.26
Youth to the People,skincare,worldwide,5,2026-05-02,t1,0,86,0.0
La Mer,skincare,worldwide,5,2026-05-02,t1,7,86,8.14
Estée Lauder,skincare,worldwide,5,2026-05-02,t1,7,86,8.14
Lancôme,skincare,worldwide,5,2026-05-02,t1,4,86,4.65
Youth to the People,skincare,worldwide,5,2026-05-03,t1,0,80,0.0
La Mer,skincare,worldwide,5,2026-05-03,t1,7,80,8.75
Estée Lauder,skincare,worldwide,5,2026-05-03,t1,5,80,6.25
Lancôme,skincare,worldwide,5,2026-05-03,t1,4,80,5.0
Youth to the People,skincare,worldwide,5,2026-05-04,t2,0,79,0.0
La Mer,skincare,worldwide,5,2026-05-04,t2,6,79,7.59
Estée Lauder,skincare,worldwide,5,2026-05-04,t2,5,79,6.33
Lancôme,skincare,worldwide,5,2026-05-04,t2,4,79,5.06
Youth to the People,skincare,worldwide,5,2026-05-05,t2,0,74,0.0
La Mer,skincare,worldwide,5,2026-05-05,t2,6,74,8.11
Estée Lauder,skincare,worldwide,5,2026-05-05,t2,5,74,6.76
Lancôme,skincare,worldwide,5,2026-05-05,t2,4,74,5.41
Youth to the People,skincare,worldwide,5,2026-05-06,t2,0,100,0.0
La Mer,skincare,worldwide,5,2026-05-06,t2,7,100,7.0
Estée Lauder,skincare,worldwide,5,2026-05-06,t2,5,100,5.0
Lancôme,skincare,worldwide,5,2026-05-06,t2,4,100,4.0
Youth to the People,skincare,worldwide,5,2026-05-07,t2,0,77,0.0
La Mer,skincare,worldwide,5,2026-05-07,t2,6,77,7.79
Estée Lauder,skincare,worldwide,5,2026-05-07,t2,5,77,6.49
Lancôme,skincare,worldwide,5,2026-05-07,t2,3,77,3.9
Youth to the People,skincare,worldwide,5,2026-05-08,t2,0,75,0.0
La Mer,skincare,worldwide,5,2026-05-08,t2,6,75,8.0
Estée Lauder,skincare,worldwide,5,2026-05-08,t2,5,75,6.67
Lancôme,skincare,worldwide,5,2026-05-08,t2,3,75,4.0
Youth to the People,skincare,worldwide,5,2026-05-09,t2,0,80,0.0
La Mer,skincare,worldwide,5,2026-05-09,t2,7,80,8.75
Estée Lauder,skincare,worldwide,5,2026-05-09,t2,4,80,5.0
Lancôme,skincare,worldwide,5,2026-05-09,t2,3,80,3.75
Youth to the People,skincare,worldwide,5,2026-05-10,t2,0,72,0.0
La Mer,skincare,worldwide,5,2026-05-10,t2,7,72,9.72
Estée Lauder,skincare,worldwide,5,2026-05-10,t2,4,72,5.56
Lancôme,skincare,worldwide,5,2026-05-10,t2,3,72,4.17
Clinique,skincare,worldwide,6,2026-04-27,t1,27,76,35.53
Kiehl's,skincare,worldwide,6,2026-04-27,t1,1,76,1.32
Sunday Riley,skincare,worldwide,6,2026-04-27,t1,1,76,1.32
SK-II,skincare,worldwide,6,2026-04-27,t1,0,76,0.0
Clinique,skincare,worldwide,6,2026-04-28,t1,28,71,39.44
Kiehl's,skincare,worldwide,6,2026-04-28,t1,2,71,2.82
Sunday Riley,skincare,worldwide,6,2026-04-28,t1,1,71,1.41
SK-II,skincare,worldwide,6,2026-04-28,t1,0,71,0.0
Clinique,skincare,worldwide,6,2026-04-29,t1,27,72,37.5
Kiehl's,skincare,worldwide,6,2026-04-29,t1,2,72,2.78
Sunday Riley,skincare,worldwide,6,2026-04-29,t1,1,72,1.39
SK-II,skincare,worldwide,6,2026-04-29,t1,0,72,0.0
Clinique,skincare,worldwide,6,2026-04-30,t1,28,71,39.44
Kiehl's,skincare,worldwide,6,2026-04-30,t1,2,71,2.82
Sunday Riley,skincare,worldwide,6,2026-04-30,t1,1,71,1.41
SK-II,skincare,worldwide,6,2026-04-30,t1,0,71,0.0
Clinique,skincare,worldwide,6,2026-05-01,t1,30,76,39.47
Kiehl's,skincare,worldwide,6,2026-05-01,t1,3,76,3.95
Sunday Riley,skincare,worldwide,6,2026-05-01,t1,1,76,1.32
SK-II,skincare,worldwide,6,2026-05-01,t1,0,76,0.0
Clinique,skincare,worldwide,6,2026-05-02,t1,33,86,38.37
Kiehl's,skincare,worldwide,6,2026-05-02,t1,3,86,3.49
Sunday Riley,skincare,worldwide,6,2026-05-02,t1,1,86,1.16
SK-II,skincare,worldwide,6,2026-05-02,t1,0,86,0.0
Clinique,skincare,worldwide,6,2026-05-03,t1,33,80,41.25
Kiehl's,skincare,worldwide,6,2026-05-03,t1,3,80,3.75
Sunday Riley,skincare,worldwide,6,2026-05-03,t1,1,80,1.25
SK-II,skincare,worldwide,6,2026-05-03,t1,0,80,0.0
Clinique,skincare,worldwide,6,2026-05-04,t2,29,79,36.71
Kiehl's,skincare,worldwide,6,2026-05-04,t2,3,79,3.8
Sunday Riley,skincare,worldwide,6,2026-05-04,t2,1,79,1.27
SK-II,skincare,worldwide,6,2026-05-04,t2,0,79,0.0
Clinique,skincare,worldwide,6,2026-05-05,t2,27,74,36.49
Kiehl's,skincare,worldwide,6,2026-05-05,t2,2,74,2.7
Sunday Riley,skincare,worldwide,6,2026-05-05,t2,1,74,1.35
SK-II,skincare,worldwide,6,2026-05-05,t2,0,74,0.0
Clinique,skincare,worldwide,6,2026-05-06,t2,29,100,29.0
Kiehl's,skincare,worldwide,6,2026-05-06,t2,2,100,2.0
Sunday Riley,skincare,worldwide,6,2026-05-06,t2,1,100,1.0
SK-II,skincare,worldwide,6,2026-05-06,t2,0,100,0.0
Clinique,skincare,worldwide,6,2026-05-07,t2,28,77,36.36
Kiehl's,skincare,worldwide,6,2026-05-07,t2,2,77,2.6
Sunday Riley,skincare,worldwide,6,2026-05-07,t2,1,77,1.3
SK-II,skincare,worldwide,6,2026-05-07,t2,0,77,0.0
Clinique,skincare,worldwide,6,2026-05-08,t2,29,75,38.67
Kiehl's,skincare,worldwide,6,2026-05-08,t2,1,75,1.33
Sunday Riley,skincare,worldwide,6,2026-05-08,t2,1,75,1.33
SK-II,skincare,worldwide,6,2026-05-08,t2,0,75,0.0
Clinique,skincare,worldwide,6,2026-05-09,t2,32,80,40.0
Kiehl's,skincare,worldwide,6,2026-05-09,t2,2,80,2.5
Sunday Riley,skincare,worldwide,6,2026-05-09,t2,1,80,1.25
SK-II,skincare,worldwide,6,2026-05-09,t2,0,80,0.0
Clinique,skincare,worldwide,6,2026-05-10,t2,30,72,41.67
Kiehl's,skincare,worldwide,6,2026-05-10,t2,2,72,2.78
Sunday Riley,skincare,worldwide,6,2026-05-10,t2,1,72,1.39
SK-II,skincare,worldwide,6,2026-05-10,t2,0,72,0.0
Olay,skincare,worldwide,7,2026-04-27,t1,13,76,17.11
Origins,skincare,worldwide,7,2026-04-27,t1,3,76,3.95
Dermalogica,skincare,worldwide,7,2026-04-27,t1,6,76,7.89
Murad,skincare,worldwide,7,2026-04-27,t1,3,76,3.95
Olay,skincare,worldwide,7,2026-04-28,t1,12,71,16.9
Origins,skincare,worldwide,7,2026-04-28,t1,2,71,2.82
Dermalogica,skincare,worldwide,7,2026-04-28,t1,6,71,8.45
Murad,skincare,worldwide,7,2026-04-28,t1,3,71,4.23
Olay,skincare,worldwide,7,2026-04-29,t1,12,72,16.67
Origins,skincare,worldwide,7,2026-04-29,t1,2,72,2.78
Dermalogica,skincare,worldwide,7,2026-04-29,t1,6,72,8.33
Murad,skincare,worldwide,7,2026-04-29,t1,2,72,2.78
Olay,skincare,worldwide,7,2026-04-30,t1,13,71,18.31
Origins,skincare,worldwide,7,2026-04-30,t1,2,71,2.82
Dermalogica,skincare,worldwide,7,2026-04-30,t1,6,71,8.45
Murad,skincare,worldwide,7,2026-04-30,t1,3,71,4.23
Olay,skincare,worldwide,7,2026-05-01,t1,13,76,17.11
Origins,skincare,worldwide,7,2026-05-01,t1,3,76,3.95
Dermalogica,skincare,worldwide,7,2026-05-01,t1,6,76,7.89
Murad,skincare,worldwide,7,2026-05-01,t1,3,76,3.95
Olay,skincare,worldwide,7,2026-05-02,t1,14,86,16.28
Origins,skincare,worldwide,7,2026-05-02,t1,3,86,3.49
Dermalogica,skincare,worldwide,7,2026-05-02,t1,6,86,6.98
Murad,skincare,worldwide,7,2026-05-02,t1,3,86,3.49
Olay,skincare,worldwide,7,2026-05-03,t1,14,80,17.5
Origins,skincare,worldwide,7,2026-05-03,t1,3,80,3.75
Dermalogica,skincare,worldwide,7,2026-05-03,t1,7,80,8.75
Murad,skincare,worldwide,7,2026-05-03,t1,3,80,3.75
Olay,skincare,worldwide,7,2026-05-04,t2,12,79,15.19
Origins,skincare,worldwide,7,2026-05-04,t2,2,79,2.53
Dermalogica,skincare,worldwide,7,2026-05-04,t2,6,79,7.59
Murad,skincare,worldwide,7,2026-05-04,t2,3,79,3.8
Olay,skincare,worldwide,7,2026-05-05,t2,14,74,18.92
Origins,skincare,worldwide,7,2026-05-05,t2,3,74,4.05
Dermalogica,skincare,worldwide,7,2026-05-05,t2,6,74,8.11
Murad,skincare,worldwide,7,2026-05-05,t2,3,74,4.05
Olay,skincare,worldwide,7,2026-05-06,t2,37,100,37.0
Origins,skincare,worldwide,7,2026-05-06,t2,2,100,2.0
Dermalogica,skincare,worldwide,7,2026-05-06,t2,7,100,7.0
Murad,skincare,worldwide,7,2026-05-06,t2,3,100,3.0
Olay,skincare,worldwide,7,2026-05-07,t2,13,77,16.88
Origins,skincare,worldwide,7,2026-05-07,t2,2,77,2.6
Dermalogica,skincare,worldwide,7,2026-05-07,t2,6,77,7.79
Murad,skincare,worldwide,7,2026-05-07,t2,3,77,3.9
Olay,skincare,worldwide,7,2026-05-08,t2,13,75,17.33
Origins,skincare,worldwide,7,2026-05-08,t2,3,75,4.0
Dermalogica,skincare,worldwide,7,2026-05-08,t2,6,75,8.0
Murad,skincare,worldwide,7,2026-05-08,t2,3,75,4.0
Olay,skincare,worldwide,7,2026-05-09,t2,15,80,18.75
Origins,skincare,worldwide,7,2026-05-09,t2,3,80,3.75
Dermalogica,skincare,worldwide,7,2026-05-09,t2,6,80,7.5
Murad,skincare,worldwide,7,2026-05-09,t2,3,80,3.75
Olay,skincare,worldwide,7,2026-05-10,t2,14,72,19.44
Origins,skincare,worldwide,7,2026-05-10,t2,3,72,4.17
Dermalogica,skincare,worldwide,7,2026-05-10,t2,6,72,8.33
Murad,skincare,worldwide,7,2026-05-10,t2,3,72,4.17
Glossier,skincare,worldwide,8,2026-04-27,t1,6,76,7.89
Beauty of Joseon,skincare,worldwide,8,2026-04-27,t1,20,76,26.32
Glossier,skincare,worldwide,8,2026-04-28,t1,6,71,8.45
Beauty of Joseon,skincare,worldwide,8,2026-04-28,t1,18,71,25.35
Glossier,skincare,worldwide,8,2026-04-29,t1,6,72,8.33
Beauty of Joseon,skincare,worldwide,8,2026-04-29,t1,16,72,22.22
Glossier,skincare,worldwide,8,2026-04-30,t1,6,71,8.45
Beauty of Joseon,skincare,worldwide,8,2026-04-30,t1,18,71,25.35
Glossier,skincare,worldwide,8,2026-05-01,t1,7,76,9.21
Beauty of Joseon,skincare,worldwide,8,2026-05-01,t1,18,76,23.68
Glossier,skincare,worldwide,8,2026-05-02,t1,7,86,8.14
Beauty of Joseon,skincare,worldwide,8,2026-05-02,t1,20,86,23.26
Glossier,skincare,worldwide,8,2026-05-03,t1,7,80,8.75
Beauty of Joseon,skincare,worldwide,8,2026-05-03,t1,19,80,23.75
Glossier,skincare,worldwide,8,2026-05-04,t2,6,79,7.59
Beauty of Joseon,skincare,worldwide,8,2026-05-04,t2,18,79,22.78
Glossier,skincare,worldwide,8,2026-05-05,t2,6,74,8.11
Beauty of Joseon,skincare,worldwide,8,2026-05-05,t2,18,74,24.32
Glossier,skincare,worldwide,8,2026-05-06,t2,6,100,6.0
Beauty of Joseon,skincare,worldwide,8,2026-05-06,t2,18,100,18.0
Glossier,skincare,worldwide,8,2026-05-07,t2,6,77,7.79
Beauty of Joseon,skincare,worldwide,8,2026-05-07,t2,18,77,23.38
Glossier,skincare,worldwide,8,2026-05-08,t2,6,75,8.0
Beauty of Joseon,skincare,worldwide,8,2026-05-08,t2,18,75,24.0
Glossier,skincare,worldwide,8,2026-05-09,t2,7,80,8.75
Beauty of Joseon,skincare,worldwide,8,2026-05-09,t2,19,80,23.75
Glossier,skincare,worldwide,8,2026-05-10,t2,8,72,11.11
Beauty of Joseon,skincare,worldwide,8,2026-05-10,t2,19,72,26.39
YNAB,finance,worldwide,1,2026-04-27,t1,12,12,100.0
Mint,finance,worldwide,1,2026-04-27,t1,0,12,0.0
Quicken,finance,worldwide,1,2026-04-27,t1,66,12,550.0
Empower,finance,worldwide,1,2026-04-27,t1,87,12,725.0
NerdWallet,finance,worldwide,1,2026-04-27,t1,18,12,150.0
YNAB,finance,worldwide,1,2026-04-28,t1,13,13,100.0
Mint,finance,worldwide,1,2026-04-28,t1,0,13,0.0
Quicken,finance,worldwide,1,2026-04-28,t1,66,13,507.69
Empower,finance,worldwide,1,2026-04-28,t1,83,13,638.46
NerdWallet,finance,worldwide,1,2026-04-28,t1,16,13,123.08
YNAB,finance,worldwide,1,2026-04-29,t1,13,13,100.0
Mint,finance,worldwide,1,2026-04-29,t1,0,13,0.0
Quicken,finance,worldwide,1,2026-04-29,t1,70,13,538.46
Empower,finance,worldwide,1,2026-04-29,t1,77,13,592.31
NerdWallet,finance,worldwide,1,2026-04-29,t1,17,13,130.77
YNAB,finance,worldwide,1,2026-04-30,t1,15,15,100.0
Mint,finance,worldwide,1,2026-04-30,t1,0,15,0.0
Quicken,finance,worldwide,1,2026-04-30,t1,83,15,553.33
Empower,finance,worldwide,1,2026-04-30,t1,84,15,560.0
NerdWallet,finance,worldwide,1,2026-04-30,t1,18,15,120.0
YNAB,finance,worldwide,1,2026-05-01,t1,17,17,100.0
Mint,finance,worldwide,1,2026-05-01,t1,0,17,0.0
Quicken,finance,worldwide,1,2026-05-01,t1,100,17,588.24
Empower,finance,worldwide,1,2026-05-01,t1,87,17,511.76
NerdWallet,finance,worldwide,1,2026-05-01,t1,19,17,111.76
YNAB,finance,worldwide,1,2026-05-02,t1,14,14,100.0
Mint,finance,worldwide,1,2026-05-02,t1,0,14,0.0
Quicken,finance,worldwide,1,2026-05-02,t1,61,14,435.71
Empower,finance,worldwide,1,2026-05-02,t1,53,14,378.57
NerdWallet,finance,worldwide,1,2026-05-02,t1,16,14,114.29
YNAB,finance,worldwide,1,2026-05-03,t1,14,14,100.0
Mint,finance,worldwide,1,2026-05-03,t1,0,14,0.0
Quicken,finance,worldwide,1,2026-05-03,t1,46,14,328.57
Empower,finance,worldwide,1,2026-05-03,t1,55,14,392.86
NerdWallet,finance,worldwide,1,2026-05-03,t1,16,14,114.29
YNAB,finance,worldwide,1,2026-05-04,t2,14,14,100.0
Mint,finance,worldwide,1,2026-05-04,t2,0,14,0.0
Quicken,finance,worldwide,1,2026-05-04,t2,83,14,592.86
Empower,finance,worldwide,1,2026-05-04,t2,85,14,607.14
NerdWallet,finance,worldwide,1,2026-05-04,t2,18,14,128.57
YNAB,finance,worldwide,1,2026-05-05,t2,13,13,100.0
Mint,finance,worldwide,1,2026-05-05,t2,0,13,0.0
Quicken,finance,worldwide,1,2026-05-05,t2,85,13,653.85
Empower,finance,worldwide,1,2026-05-05,t2,84,13,646.15
NerdWallet,finance,worldwide,1,2026-05-05,t2,18,13,138.46
YNAB,finance,worldwide,1,2026-05-06,t2,12,12,100.0
Mint,finance,worldwide,1,2026-05-06,t2,0,12,0.0
Quicken,finance,worldwide,1,2026-05-06,t2,75,12,625.0
Empower,finance,worldwide,1,2026-05-06,t2,86,12,716.67
NerdWallet,finance,worldwide,1,2026-05-06,t2,19,12,158.33
YNAB,finance,worldwide,1,2026-05-07,t2,12,12,100.0
Mint,finance,worldwide,1,2026-05-07,t2,0,12,0.0
Quicken,finance,worldwide,1,2026-05-07,t2,74,12,616.67
Empower,finance,worldwide,1,2026-05-07,t2,85,12,708.33
NerdWallet,finance,worldwide,1,2026-05-07,t2,18,12,150.0
YNAB,finance,worldwide,1,2026-05-08,t2,11,11,100.0
Mint,finance,worldwide,1,2026-05-08,t2,0,11,0.0
Quicken,finance,worldwide,1,2026-05-08,t2,74,11,672.73
Empower,finance,worldwide,1,2026-05-08,t2,80,11,727.27
NerdWallet,finance,worldwide,1,2026-05-08,t2,18,11,163.64
YNAB,finance,worldwide,1,2026-05-09,t2,11,11,100.0
Mint,finance,worldwide,1,2026-05-09,t2,0,11,0.0
Quicken,finance,worldwide,1,2026-05-09,t2,46,11,418.18
Empower,finance,worldwide,1,2026-05-09,t2,51,11,463.64
NerdWallet,finance,worldwide,1,2026-05-09,t2,16,11,145.45
YNAB,finance,worldwide,1,2026-05-10,t2,10,10,100.0
Mint,finance,worldwide,1,2026-05-10,t2,0,10,0.0
Quicken,finance,worldwide,1,2026-05-10,t2,34,10,340.0
Empower,finance,worldwide,1,2026-05-10,t2,39,10,390.0
NerdWallet,finance,worldwide,1,2026-05-10,t2,16,10,160.0
Rocket Money,finance,worldwide,2,2026-04-27,t1,57,63,90.48
PocketGuard,finance,worldwide,2,2026-04-27,t1,4,63,6.35
Goodbudget,finance,worldwide,2,2026-04-27,t1,4,63,6.35
Rocket Money,finance,worldwide,2,2026-04-28,t1,52,69,75.36
PocketGuard,finance,worldwide,2,2026-04-28,t1,4,69,5.8
Goodbudget,finance,worldwide,2,2026-04-28,t1,9,69,13.04
Rocket Money,finance,worldwide,2,2026-04-29,t1,50,67,74.63
PocketGuard,finance,worldwide,2,2026-04-29,t1,3,67,4.48
Goodbudget,finance,worldwide,2,2026-04-29,t1,4,67,5.97
Rocket Money,finance,worldwide,2,2026-04-30,t1,51,73,69.86
PocketGuard,finance,worldwide,2,2026-04-30,t1,4,73,5.48
Goodbudget,finance,worldwide,2,2026-04-30,t1,5,73,6.85
Rocket Money,finance,worldwide,2,2026-05-01,t1,57,86,66.28
PocketGuard,finance,worldwide,2,2026-05-01,t1,4,86,4.65
Goodbudget,finance,worldwide,2,2026-05-01,t1,5,86,5.81
Rocket Money,finance,worldwide,2,2026-05-02,t1,46,68,67.65
PocketGuard,finance,worldwide,2,2026-05-02,t1,4,68,5.88
Goodbudget,finance,worldwide,2,2026-05-02,t1,4,68,5.88
Rocket Money,finance,worldwide,2,2026-05-03,t1,48,69,69.57
PocketGuard,finance,worldwide,2,2026-05-03,t1,4,69,5.8
Goodbudget,finance,worldwide,2,2026-05-03,t1,5,69,7.25
Rocket Money,finance,worldwide,2,2026-05-04,t2,53,78,67.95
PocketGuard,finance,worldwide,2,2026-05-04,t2,4,78,5.13
Goodbudget,finance,worldwide,2,2026-05-04,t2,6,78,7.69
Rocket Money,finance,worldwide,2,2026-05-05,t2,54,66,81.82
PocketGuard,finance,worldwide,2,2026-05-05,t2,4,66,6.06
Goodbudget,finance,worldwide,2,2026-05-05,t2,4,66,6.06
Rocket Money,finance,worldwide,2,2026-05-06,t2,53,64,82.81
PocketGuard,finance,worldwide,2,2026-05-06,t2,8,64,12.5
Goodbudget,finance,worldwide,2,2026-05-06,t2,5,64,7.81
Rocket Money,finance,worldwide,2,2026-05-07,t2,50,59,84.75
PocketGuard,finance,worldwide,2,2026-05-07,t2,3,59,5.08
Goodbudget,finance,worldwide,2,2026-05-07,t2,4,59,6.78
Rocket Money,finance,worldwide,2,2026-05-08,t2,45,56,80.36
PocketGuard,finance,worldwide,2,2026-05-08,t2,3,56,5.36
Goodbudget,finance,worldwide,2,2026-05-08,t2,4,56,7.14
Rocket Money,finance,worldwide,2,2026-05-09,t2,41,55,74.55
PocketGuard,finance,worldwide,2,2026-05-09,t2,3,55,5.45
Goodbudget,finance,worldwide,2,2026-05-09,t2,3,55,5.45
Rocket Money,finance,worldwide,2,2026-05-10,t2,36,49,73.47
PocketGuard,finance,worldwide,2,2026-05-10,t2,3,49,6.12
Goodbudget,finance,worldwide,2,2026-05-10,t2,3,49,6.12
EveryDollar,finance,worldwide,3,2026-04-27,t1,3,6,50.0
Monarch Money,finance,worldwide,3,2026-04-27,t1,3,6,50.0
Copilot,finance,worldwide,3,2026-04-27,t1,86,6,1433.33
Lunch Money,finance,worldwide,3,2026-04-27,t1,0,6,0.0
EveryDollar,finance,worldwide,3,2026-04-28,t1,2,6,33.33
Monarch Money,finance,worldwide,3,2026-04-28,t1,1,6,16.67
Copilot,finance,worldwide,3,2026-04-28,t1,100,6,1666.67
Lunch Money,finance,worldwide,3,2026-04-28,t1,0,6,0.0
EveryDollar,finance,worldwide,3,2026-04-29,t1,2,6,33.33
Monarch Money,finance,worldwide,3,2026-04-29,t1,0,6,0.0
Copilot,finance,worldwide,3,2026-04-29,t1,77,6,1283.33
Lunch Money,finance,worldwide,3,2026-04-29,t1,0,6,0.0
EveryDollar,finance,worldwide,3,2026-04-30,t1,3,7,42.86
Monarch Money,finance,worldwide,3,2026-04-30,t1,0,7,0.0
Copilot,finance,worldwide,3,2026-04-30,t1,70,7,1000.0
Lunch Money,finance,worldwide,3,2026-04-30,t1,0,7,0.0
EveryDollar,finance,worldwide,3,2026-05-01,t1,3,8,37.5
Monarch Money,finance,worldwide,3,2026-05-01,t1,0,8,0.0
Copilot,finance,worldwide,3,2026-05-01,t1,54,8,675.0
Lunch Money,finance,worldwide,3,2026-05-01,t1,0,8,0.0
EveryDollar,finance,worldwide,3,2026-05-02,t1,2,6,33.33
Monarch Money,finance,worldwide,3,2026-05-02,t1,1,6,16.67
Copilot,finance,worldwide,3,2026-05-02,t1,38,6,633.33
Lunch Money,finance,worldwide,3,2026-05-02,t1,0,6,0.0
EveryDollar,finance,worldwide,3,2026-05-03,t1,2,6,33.33
Monarch Money,finance,worldwide,3,2026-05-03,t1,1,6,16.67
Copilot,finance,worldwide,3,2026-05-03,t1,33,6,550.0
Lunch Money,finance,worldwide,3,2026-05-03,t1,0,6,0.0
EveryDollar,finance,worldwide,3,2026-05-04,t2,3,7,42.86
Monarch Money,finance,worldwide,3,2026-05-04,t2,1,7,14.29
Copilot,finance,worldwide,3,2026-05-04,t2,56,7,800.0
Lunch Money,finance,worldwide,3,2026-05-04,t2,0,7,0.0
EveryDollar,finance,worldwide,3,2026-05-05,t2,3,6,50.0
Monarch Money,finance,worldwide,3,2026-05-05,t2,1,6,16.67
Copilot,finance,worldwide,3,2026-05-05,t2,61,6,1016.67
Lunch Money,finance,worldwide,3,2026-05-05,t2,0,6,0.0
EveryDollar,finance,worldwide,3,2026-05-06,t2,3,6,50.0
Monarch Money,finance,worldwide,3,2026-05-06,t2,0,6,0.0
Copilot,finance,worldwide,3,2026-05-06,t2,60,6,1000.0
Lunch Money,finance,worldwide,3,2026-05-06,t2,0,6,0.0
EveryDollar,finance,worldwide,3,2026-05-07,t2,2,5,40.0
Monarch Money,finance,worldwide,3,2026-05-07,t2,0,5,0.0
Copilot,finance,worldwide,3,2026-05-07,t2,63,5,1260.0
Lunch Money,finance,worldwide,3,2026-05-07,t2,0,5,0.0
EveryDollar,finance,worldwide,3,2026-05-08,t2,2,5,40.0
Monarch Money,finance,worldwide,3,2026-05-08,t2,0,5,0.0
Copilot,finance,worldwide,3,2026-05-08,t2,56,5,1120.0
Lunch Money,finance,worldwide,3,2026-05-08,t2,0,5,0.0
EveryDollar,finance,worldwide,3,2026-05-09,t2,2,5,40.0
Monarch Money,finance,worldwide,3,2026-05-09,t2,0,5,0.0
Copilot,finance,worldwide,3,2026-05-09,t2,34,5,680.0
Lunch Money,finance,worldwide,3,2026-05-09,t2,0,5,0.0
EveryDollar,finance,worldwide,3,2026-05-10,t2,2,4,50.0
Monarch Money,finance,worldwide,3,2026-05-10,t2,1,4,25.0
Copilot,finance,worldwide,3,2026-05-10,t2,30,4,750.0
Lunch Money,finance,worldwide,3,2026-05-10,t2,0,4,0.0
Origin,finance,worldwide,4,2026-04-27,t1,62,14,442.86
Cleo,finance,worldwide,4,2026-04-27,t1,5,14,35.71
Tiller,finance,worldwide,4,2026-04-27,t1,1,14,7.14
Origin,finance,worldwide,4,2026-04-28,t1,61,14,435.71
Cleo,finance,worldwide,4,2026-04-28,t1,5,14,35.71
Tiller,finance,worldwide,4,2026-04-28,t1,1,14,7.14
Origin,finance,worldwide,4,2026-04-29,t1,62,14,442.86
Cleo,finance,worldwide,4,2026-04-29,t1,5,14,35.71
Tiller,finance,worldwide,4,2026-04-29,t1,1,14,7.14
Origin,finance,worldwide,4,2026-04-30,t1,67,16,418.75
Cleo,finance,worldwide,4,2026-04-30,t1,6,16,37.5
Tiller,finance,worldwide,4,2026-04-30,t1,1,16,6.25
Origin,finance,worldwide,4,2026-05-01,t1,84,20,420.0
Cleo,finance,worldwide,4,2026-05-01,t1,6,20,30.0
Tiller,finance,worldwide,4,2026-05-01,t1,1,20,5.0
Origin,finance,worldwide,4,2026-05-02,t1,82,15,546.67
Cleo,finance,worldwide,4,2026-05-02,t1,6,15,40.0
Tiller,finance,worldwide,4,2026-05-02,t1,1,15,6.67
Origin,finance,worldwide,4,2026-05-03,t1,83,15,553.33
Cleo,finance,worldwide,4,2026-05-03,t1,6,15,40.0
Tiller,finance,worldwide,4,2026-05-03,t1,1,15,6.67
Origin,finance,worldwide,4,2026-05-04,t2,69,15,460.0
Cleo,finance,worldwide,4,2026-05-04,t2,5,15,33.33
Tiller,finance,worldwide,4,2026-05-04,t2,1,15,6.67
Origin,finance,worldwide,4,2026-05-05,t2,73,15,486.67
Cleo,finance,worldwide,4,2026-05-05,t2,6,15,40.0
Tiller,finance,worldwide,4,2026-05-05,t2,1,15,6.67
Origin,finance,worldwide,4,2026-05-06,t2,73,14,521.43
Cleo,finance,worldwide,4,2026-05-06,t2,6,14,42.86
Tiller,finance,worldwide,4,2026-05-06,t2,1,14,7.14
Origin,finance,worldwide,4,2026-05-07,t2,70,13,538.46
Cleo,finance,worldwide,4,2026-05-07,t2,5,13,38.46
Tiller,finance,worldwide,4,2026-05-07,t2,1,13,7.69
Origin,finance,worldwide,4,2026-05-08,t2,70,12,583.33
Cleo,finance,worldwide,4,2026-05-08,t2,5,12,41.67
Tiller,finance,worldwide,4,2026-05-08,t2,1,12,8.33
Origin,finance,worldwide,4,2026-05-09,t2,83,12,691.67
Cleo,finance,worldwide,4,2026-05-09,t2,6,12,50.0
Tiller,finance,worldwide,4,2026-05-09,t2,1,12,8.33
Origin,finance,worldwide,4,2026-05-10,t2,77,11,700.0
Cleo,finance,worldwide,4,2026-05-10,t2,5,11,45.45
Tiller,finance,worldwide,4,2026-05-10,t2,1,11,9.09
CeraVe,skincare,US,1,2026-04-27,t1,90,90,100.0
Cetaphil,skincare,US,1,2026-04-27,t1,2,90,2.22
Neutrogena,skincare,US,1,2026-04-27,t1,4,90,4.44
La Roche-Posay,skincare,US,1,2026-04-27,t1,60,90,66.67
Vanicream,skincare,US,1,2026-04-27,t1,1,90,1.11
CeraVe,skincare,US,1,2026-04-28,t1,92,92,100.0
Cetaphil,skincare,US,1,2026-04-28,t1,2,92,2.17
Neutrogena,skincare,US,1,2026-04-28,t1,4,92,4.35
La Roche-Posay,skincare,US,1,2026-04-28,t1,60,92,65.22
Vanicream,skincare,US,1,2026-04-28,t1,1,92,1.09
CeraVe,skincare,US,1,2026-04-29,t1,81,81,100.0
Cetaphil,skincare,US,1,2026-04-29,t1,2,81,2.47
Neutrogena,skincare,US,1,2026-04-29,t1,4,81,4.94
La Roche-Posay,skincare,US,1,2026-04-29,t1,60,81,74.07
Vanicream,skincare,US,1,2026-04-29,t1,1,81,1.23
CeraVe,skincare,US,1,2026-04-30,t1,90,90,100.0
Cetaphil,skincare,US,1,2026-04-30,t1,2,90,2.22
Neutrogena,skincare,US,1,2026-04-30,t1,4,90,4.44
La Roche-Posay,skincare,US,1,2026-04-30,t1,56,90,62.22
Vanicream,skincare,US,1,2026-04-30,t1,1,90,1.11
CeraVe,skincare,US,1,2026-05-01,t1,80,80,100.0
Cetaphil,skincare,US,1,2026-05-01,t1,2,80,2.5
Neutrogena,skincare,US,1,2026-05-01,t1,4,80,5.0
La Roche-Posay,skincare,US,1,2026-05-01,t1,58,80,72.5
Vanicream,skincare,US,1,2026-05-01,t1,1,80,1.25
CeraVe,skincare,US,1,2026-05-02,t1,93,93,100.0
Cetaphil,skincare,US,1,2026-05-02,t1,2,93,2.15
Neutrogena,skincare,US,1,2026-05-02,t1,4,93,4.3
La Roche-Posay,skincare,US,1,2026-05-02,t1,64,93,68.82
Vanicream,skincare,US,1,2026-05-02,t1,1,93,1.08
CeraVe,skincare,US,1,2026-05-03,t1,96,96,100.0
Cetaphil,skincare,US,1,2026-05-03,t1,2,96,2.08
Neutrogena,skincare,US,1,2026-05-03,t1,4,96,4.17
La Roche-Posay,skincare,US,1,2026-05-03,t1,64,96,66.67
Vanicream,skincare,US,1,2026-05-03,t1,1,96,1.04
CeraVe,skincare,US,1,2026-05-04,t2,90,90,100.0
Cetaphil,skincare,US,1,2026-05-04,t2,2,90,2.22
Neutrogena,skincare,US,1,2026-05-04,t2,4,90,4.44
La Roche-Posay,skincare,US,1,2026-05-04,t2,59,90,65.56
Vanicream,skincare,US,1,2026-05-04,t2,1,90,1.11
CeraVe,skincare,US,1,2026-05-05,t2,86,86,100.0
Cetaphil,skincare,US,1,2026-05-05,t2,2,86,2.33
Neutrogena,skincare,US,1,2026-05-05,t2,4,86,4.65
La Roche-Posay,skincare,US,1,2026-05-05,t2,58,86,67.44
Vanicream,skincare,US,1,2026-05-05,t2,1,86,1.16
CeraVe,skincare,US,1,2026-05-06,t2,86,86,100.0
Cetaphil,skincare,US,1,2026-05-06,t2,2,86,2.33
Neutrogena,skincare,US,1,2026-05-06,t2,5,86,5.81
La Roche-Posay,skincare,US,1,2026-05-06,t2,61,86,70.93
Vanicream,skincare,US,1,2026-05-06,t2,1,86,1.16
CeraVe,skincare,US,1,2026-05-07,t2,94,94,100.0
Cetaphil,skincare,US,1,2026-05-07,t2,2,94,2.13
Neutrogena,skincare,US,1,2026-05-07,t2,6,94,6.38
La Roche-Posay,skincare,US,1,2026-05-07,t2,59,94,62.77
Vanicream,skincare,US,1,2026-05-07,t2,2,94,2.13
CeraVe,skincare,US,1,2026-05-08,t2,90,90,100.0
Cetaphil,skincare,US,1,2026-05-08,t2,2,90,2.22
Neutrogena,skincare,US,1,2026-05-08,t2,5,90,5.56
La Roche-Posay,skincare,US,1,2026-05-08,t2,56,90,62.22
Vanicream,skincare,US,1,2026-05-08,t2,2,90,2.22
CeraVe,skincare,US,1,2026-05-09,t2,100,100,100.0
Cetaphil,skincare,US,1,2026-05-09,t2,2,100,2.0
Neutrogena,skincare,US,1,2026-05-09,t2,5,100,5.0
La Roche-Posay,skincare,US,1,2026-05-09,t2,63,100,63.0
Vanicream,skincare,US,1,2026-05-09,t2,2,100,2.0
CeraVe,skincare,US,1,2026-05-10,t2,93,93,100.0
Cetaphil,skincare,US,1,2026-05-10,t2,2,93,2.15
Neutrogena,skincare,US,1,2026-05-10,t2,5,93,5.38
La Roche-Posay,skincare,US,1,2026-05-10,t2,62,93,66.67
Vanicream,skincare,US,1,2026-05-10,t2,1,93,1.08
Skinceuticals,skincare,US,2,2026-04-27,t1,18,87,20.69
Eucerin,skincare,US,2,2026-04-27,t1,43,87,49.43
Paula's Choice,skincare,US,2,2026-04-27,t1,10,87,11.49
Drunk Elephant,skincare,US,2,2026-04-27,t1,5,87,5.75
Skinceuticals,skincare,US,2,2026-04-28,t1,18,88,20.45
Eucerin,skincare,US,2,2026-04-28,t1,42,88,47.73
Paula's Choice,skincare,US,2,2026-04-28,t1,10,88,11.36
Drunk Elephant,skincare,US,2,2026-04-28,t1,6,88,6.82
Skinceuticals,skincare,US,2,2026-04-29,t1,17,83,20.48
Eucerin,skincare,US,2,2026-04-29,t1,42,83,50.6
Paula's Choice,skincare,US,2,2026-04-29,t1,10,83,12.05
Drunk Elephant,skincare,US,2,2026-04-29,t1,6,83,7.23
Skinceuticals,skincare,US,2,2026-04-30,t1,19,82,23.17
Eucerin,skincare,US,2,2026-04-30,t1,42,82,51.22
Paula's Choice,skincare,US,2,2026-04-30,t1,10,82,12.2
Drunk Elephant,skincare,US,2,2026-04-30,t1,6,82,7.32
Skinceuticals,skincare,US,2,2026-05-01,t1,18,81,22.22
Eucerin,skincare,US,2,2026-05-01,t1,41,81,50.62
Paula's Choice,skincare,US,2,2026-05-01,t1,10,81,12.35
Drunk Elephant,skincare,US,2,2026-05-01,t1,6,81,7.41
Skinceuticals,skincare,US,2,2026-05-02,t1,19,94,20.21
Eucerin,skincare,US,2,2026-05-02,t1,42,94,44.68
Paula's Choice,skincare,US,2,2026-05-02,t1,10,94,10.64
Drunk Elephant,skincare,US,2,2026-05-02,t1,8,94,8.51
Skinceuticals,skincare,US,2,2026-05-03,t1,18,92,19.57
Eucerin,skincare,US,2,2026-05-03,t1,46,92,50.0
Paula's Choice,skincare,US,2,2026-05-03,t1,11,92,11.96
Drunk Elephant,skincare,US,2,2026-05-03,t1,7,92,7.61
Skinceuticals,skincare,US,2,2026-05-04,t2,16,87,18.39
Eucerin,skincare,US,2,2026-05-04,t2,43,87,49.43
Paula's Choice,skincare,US,2,2026-05-04,t2,9,87,10.34
Drunk Elephant,skincare,US,2,2026-05-04,t2,5,87,5.75
Skinceuticals,skincare,US,2,2026-05-05,t2,17,83,20.48
Eucerin,skincare,US,2,2026-05-05,t2,42,83,50.6
Paula's Choice,skincare,US,2,2026-05-05,t2,10,83,12.05
Drunk Elephant,skincare,US,2,2026-05-05,t2,5,83,6.02
Skinceuticals,skincare,US,2,2026-05-06,t2,18,87,20.69
Eucerin,skincare,US,2,2026-05-06,t2,42,87,48.28
Paula's Choice,skincare,US,2,2026-05-06,t2,10,87,11.49
Drunk Elephant,skincare,US,2,2026-05-06,t2,6,87,6.9
Skinceuticals,skincare,US,2,2026-05-07,t2,19,95,20.0
Eucerin,skincare,US,2,2026-05-07,t2,42,95,44.21
Paula's Choice,skincare,US,2,2026-05-07,t2,9,95,9.47
Drunk Elephant,skincare,US,2,2026-05-07,t2,6,95,6.32
Skinceuticals,skincare,US,2,2026-05-08,t2,18,90,20.0
Eucerin,skincare,US,2,2026-05-08,t2,40,90,44.44
Paula's Choice,skincare,US,2,2026-05-08,t2,9,90,10.0
Drunk Elephant,skincare,US,2,2026-05-08,t2,6,90,6.67
Skinceuticals,skincare,US,2,2026-05-09,t2,19,100,19.0
Eucerin,skincare,US,2,2026-05-09,t2,44,100,44.0
Paula's Choice,skincare,US,2,2026-05-09,t2,10,100,10.0
Drunk Elephant,skincare,US,2,2026-05-09,t2,7,100,7.0
Skinceuticals,skincare,US,2,2026-05-10,t2,19,91,20.88
Eucerin,skincare,US,2,2026-05-10,t2,42,91,46.15
Paula's Choice,skincare,US,2,2026-05-10,t2,9,91,9.89
Drunk Elephant,skincare,US,2,2026-05-10,t2,7,91,7.69
Tatcha,skincare,US,3,2026-04-27,t1,12,90,13.33
The Ordinary,skincare,US,3,2026-04-27,t1,57,90,63.33
EltaMD,skincare,US,3,2026-04-27,t1,14,90,15.56
Bioderma,skincare,US,3,2026-04-27,t1,5,90,5.56
Tatcha,skincare,US,3,2026-04-28,t1,13,92,14.13
The Ordinary,skincare,US,3,2026-04-28,t1,56,92,60.87
EltaMD,skincare,US,3,2026-04-28,t1,15,92,16.3
Bioderma,skincare,US,3,2026-04-28,t1,6,92,6.52
Tatcha,skincare,US,3,2026-04-29,t1,13,81,16.05
The Ordinary,skincare,US,3,2026-04-29,t1,59,81,72.84
EltaMD,skincare,US,3,2026-04-29,t1,14,81,17.28
Bioderma,skincare,US,3,2026-04-29,t1,6,81,7.41
Tatcha,skincare,US,3,2026-04-30,t1,13,90,14.44
The Ordinary,skincare,US,3,2026-04-30,t1,58,90,64.44
EltaMD,skincare,US,3,2026-04-30,t1,14,90,15.56
Bioderma,skincare,US,3,2026-04-30,t1,5,90,5.56
Tatcha,skincare,US,3,2026-05-01,t1,12,80,15.0
The Ordinary,skincare,US,3,2026-05-01,t1,57,80,71.25
EltaMD,skincare,US,3,2026-05-01,t1,14,80,17.5
Bioderma,skincare,US,3,2026-05-01,t1,5,80,6.25
Tatcha,skincare,US,3,2026-05-02,t1,14,93,15.05
The Ordinary,skincare,US,3,2026-05-02,t1,58,93,62.37
EltaMD,skincare,US,3,2026-05-02,t1,14,93,15.05
Bioderma,skincare,US,3,2026-05-02,t1,6,93,6.45
Tatcha,skincare,US,3,2026-05-03,t1,15,96,15.62
The Ordinary,skincare,US,3,2026-05-03,t1,64,96,66.67
EltaMD,skincare,US,3,2026-05-03,t1,15,96,15.62
Bioderma,skincare,US,3,2026-05-03,t1,6,96,6.25
Tatcha,skincare,US,3,2026-05-04,t2,13,90,14.44
The Ordinary,skincare,US,3,2026-05-04,t2,54,90,60.0
EltaMD,skincare,US,3,2026-05-04,t2,15,90,16.67
Bioderma,skincare,US,3,2026-05-04,t2,6,90,6.67
Tatcha,skincare,US,3,2026-05-05,t2,12,86,13.95
The Ordinary,skincare,US,3,2026-05-05,t2,53,86,61.63
EltaMD,skincare,US,3,2026-05-05,t2,14,86,16.28
Bioderma,skincare,US,3,2026-05-05,t2,6,86,6.98
Tatcha,skincare,US,3,2026-05-06,t2,13,86,15.12
The Ordinary,skincare,US,3,2026-05-06,t2,54,86,62.79
EltaMD,skincare,US,3,2026-05-06,t2,14,86,16.28
Bioderma,skincare,US,3,2026-05-06,t2,6,86,6.98
Tatcha,skincare,US,3,2026-05-07,t2,13,94,13.83
The Ordinary,skincare,US,3,2026-05-07,t2,50,94,53.19
EltaMD,skincare,US,3,2026-05-07,t2,13,94,13.83
Bioderma,skincare,US,3,2026-05-07,t2,5,94,5.32
Tatcha,skincare,US,3,2026-05-08,t2,13,90,14.44
The Ordinary,skincare,US,3,2026-05-08,t2,53,90,58.89
EltaMD,skincare,US,3,2026-05-08,t2,13,90,14.44
Bioderma,skincare,US,3,2026-05-08,t2,5,90,5.56
Tatcha,skincare,US,3,2026-05-09,t2,15,100,15.0
The Ordinary,skincare,US,3,2026-05-09,t2,61,100,61.0
EltaMD,skincare,US,3,2026-05-09,t2,14,100,14.0
Bioderma,skincare,US,3,2026-05-09,t2,6,100,6.0
Tatcha,skincare,US,3,2026-05-10,t2,15,93,16.13
The Ordinary,skincare,US,3,2026-05-10,t2,59,93,63.44
EltaMD,skincare,US,3,2026-05-10,t2,14,93,15.05
Bioderma,skincare,US,3,2026-05-10,t2,6,93,6.45
Avène,skincare,US,4,2026-04-27,t1,10,92,10.87
Aveeno,skincare,US,4,2026-04-27,t1,18,92,19.57
First Aid Beauty,skincare,US,4,2026-04-27,t1,5,92,5.43
Augustinus Bader,skincare,US,4,2026-04-27,t1,2,92,2.17
Avène,skincare,US,4,2026-04-28,t1,10,92,10.87
Aveeno,skincare,US,4,2026-04-28,t1,18,92,19.57
First Aid Beauty,skincare,US,4,2026-04-28,t1,5,92,5.43
Augustinus Bader,skincare,US,4,2026-04-28,t1,2,92,2.17
Avène,skincare,US,4,2026-04-29,t1,10,83,12.05
Aveeno,skincare,US,4,2026-04-29,t1,19,83,22.89
First Aid Beauty,skincare,US,4,2026-04-29,t1,5,83,6.02
Augustinus Bader,skincare,US,4,2026-04-29,t1,2,83,2.41
Avène,skincare,US,4,2026-04-30,t1,9,89,10.11
Aveeno,skincare,US,4,2026-04-30,t1,18,89,20.22
First Aid Beauty,skincare,US,4,2026-04-30,t1,4,89,4.49
Augustinus Bader,skincare,US,4,2026-04-30,t1,2,89,2.25
Avène,skincare,US,4,2026-05-01,t1,10,85,11.76
Aveeno,skincare,US,4,2026-05-01,t1,18,85,21.18
First Aid Beauty,skincare,US,4,2026-05-01,t1,5,85,5.88
Augustinus Bader,skincare,US,4,2026-05-01,t1,2,85,2.35
Avène,skincare,US,4,2026-05-02,t1,10,98,10.2
Aveeno,skincare,US,4,2026-05-02,t1,22,98,22.45
First Aid Beauty,skincare,US,4,2026-05-02,t1,6,98,6.12
Augustinus Bader,skincare,US,4,2026-05-02,t1,2,98,2.04
Avène,skincare,US,4,2026-05-03,t1,10,98,10.2
Aveeno,skincare,US,4,2026-05-03,t1,20,98,20.41
First Aid Beauty,skincare,US,4,2026-05-03,t1,5,98,5.1
Augustinus Bader,skincare,US,4,2026-05-03,t1,3,98,3.06
Avène,skincare,US,4,2026-05-04,t2,9,89,10.11
Aveeno,skincare,US,4,2026-05-04,t2,18,89,20.22
First Aid Beauty,skincare,US,4,2026-05-04,t2,6,89,6.74
Augustinus Bader,skincare,US,4,2026-05-04,t2,2,89,2.25
Avène,skincare,US,4,2026-05-05,t2,9,80,11.25
Aveeno,skincare,US,4,2026-05-05,t2,19,80,23.75
First Aid Beauty,skincare,US,4,2026-05-05,t2,5,80,6.25
Augustinus Bader,skincare,US,4,2026-05-05,t2,2,80,2.5
Avène,skincare,US,4,2026-05-06,t2,10,89,11.24
Aveeno,skincare,US,4,2026-05-06,t2,18,89,20.22
First Aid Beauty,skincare,US,4,2026-05-06,t2,5,89,5.62
Augustinus Bader,skincare,US,4,2026-05-06,t2,2,89,2.25
Avène,skincare,US,4,2026-05-07,t2,9,97,9.28
Aveeno,skincare,US,4,2026-05-07,t2,19,97,19.59
First Aid Beauty,skincare,US,4,2026-05-07,t2,5,97,5.15
Augustinus Bader,skincare,US,4,2026-05-07,t2,2,97,2.06
Avène,skincare,US,4,2026-05-08,t2,9,93,9.68
Aveeno,skincare,US,4,2026-05-08,t2,18,93,19.35
First Aid Beauty,skincare,US,4,2026-05-08,t2,4,93,4.3
Augustinus Bader,skincare,US,4,2026-05-08,t2,2,93,2.15
Avène,skincare,US,4,2026-05-09,t2,9,100,9.0
Aveeno,skincare,US,4,2026-05-09,t2,20,100,20.0
First Aid Beauty,skincare,US,4,2026-05-09,t2,5,100,5.0
Augustinus Bader,skincare,US,4,2026-05-09,t2,2,100,2.0
Avène,skincare,US,4,2026-05-10,t2,10,91,10.99
Aveeno,skincare,US,4,2026-05-10,t2,20,91,21.98
First Aid Beauty,skincare,US,4,2026-05-10,t2,5,91,5.49
Augustinus Bader,skincare,US,4,2026-05-10,t2,2,91,2.2
Youth to the People,skincare,US,5,2026-04-27,t1,0,90,0.0
La Mer,skincare,US,5,2026-04-27,t1,8,90,8.89
Estée Lauder,skincare,US,5,2026-04-27,t1,6,90,6.67
Lancôme,skincare,US,5,2026-04-27,t1,3,90,3.33
Youth to the People,skincare,US,5,2026-04-28,t1,0,92,0.0
La Mer,skincare,US,5,2026-04-28,t1,8,92,8.7
Estée Lauder,skincare,US,5,2026-04-28,t1,6,92,6.52
Lancôme,skincare,US,5,2026-04-28,t1,4,92,4.35
Youth to the People,skincare,US,5,2026-04-29,t1,0,81,0.0
La Mer,skincare,US,5,2026-04-29,t1,10,81,12.35
Estée Lauder,skincare,US,5,2026-04-29,t1,6,81,7.41
Lancôme,skincare,US,5,2026-04-29,t1,4,81,4.94
Youth to the People,skincare,US,5,2026-04-30,t1,0,90,0.0
La Mer,skincare,US,5,2026-04-30,t1,9,90,10.0
Estée Lauder,skincare,US,5,2026-04-30,t1,6,90,6.67
Lancôme,skincare,US,5,2026-04-30,t1,3,90,3.33
Youth to the People,skincare,US,5,2026-05-01,t1,0,80,0.0
La Mer,skincare,US,5,2026-05-01,t1,8,80,10.0
Estée Lauder,skincare,US,5,2026-05-01,t1,10,80,12.5
Lancôme,skincare,US,5,2026-05-01,t1,3,80,3.75
Youth to the People,skincare,US,5,2026-05-02,t1,0,93,0.0
La Mer,skincare,US,5,2026-05-02,t1,9,93,9.68
Estée Lauder,skincare,US,5,2026-05-02,t1,6,93,6.45
Lancôme,skincare,US,5,2026-05-02,t1,3,93,3.23
Youth to the People,skincare,US,5,2026-05-03,t1,0,96,0.0
La Mer,skincare,US,5,2026-05-03,t1,10,96,10.42
Estée Lauder,skincare,US,5,2026-05-03,t1,5,96,5.21
Lancôme,skincare,US,5,2026-05-03,t1,3,96,3.12
Youth to the People,skincare,US,5,2026-05-04,t2,0,90,0.0
La Mer,skincare,US,5,2026-05-04,t2,8,90,8.89
Estée Lauder,skincare,US,5,2026-05-04,t2,7,90,7.78
Lancôme,skincare,US,5,2026-05-04,t2,3,90,3.33
Youth to the People,skincare,US,5,2026-05-05,t2,0,86,0.0
La Mer,skincare,US,5,2026-05-05,t2,8,86,9.3
Estée Lauder,skincare,US,5,2026-05-05,t2,7,86,8.14
Lancôme,skincare,US,5,2026-05-05,t2,3,86,3.49
Youth to the People,skincare,US,5,2026-05-06,t2,0,86,0.0
La Mer,skincare,US,5,2026-05-06,t2,10,86,11.63
Estée Lauder,skincare,US,5,2026-05-06,t2,6,86,6.98
Lancôme,skincare,US,5,2026-05-06,t2,3,86,3.49
Youth to the People,skincare,US,5,2026-05-07,t2,0,94,0.0
La Mer,skincare,US,5,2026-05-07,t2,9,94,9.57
Estée Lauder,skincare,US,5,2026-05-07,t2,7,94,7.45
Lancôme,skincare,US,5,2026-05-07,t2,3,94,3.19
Youth to the People,skincare,US,5,2026-05-08,t2,0,90,0.0
La Mer,skincare,US,5,2026-05-08,t2,9,90,10.0
Estée Lauder,skincare,US,5,2026-05-08,t2,7,90,7.78
Lancôme,skincare,US,5,2026-05-08,t2,3,90,3.33
Youth to the People,skincare,US,5,2026-05-09,t2,0,100,0.0
La Mer,skincare,US,5,2026-05-09,t2,10,100,10.0
Estée Lauder,skincare,US,5,2026-05-09,t2,6,100,6.0
Lancôme,skincare,US,5,2026-05-09,t2,4,100,4.0
Youth to the People,skincare,US,5,2026-05-10,t2,0,93,0.0
La Mer,skincare,US,5,2026-05-10,t2,10,93,10.75
Estée Lauder,skincare,US,5,2026-05-10,t2,5,93,5.38
Lancôme,skincare,US,5,2026-05-10,t2,4,93,4.3
Clinique,skincare,US,6,2026-04-27,t1,34,90,37.78
Kiehl's,skincare,US,6,2026-04-27,t1,1,90,1.11
Sunday Riley,skincare,US,6,2026-04-27,t1,2,90,2.22
SK-II,skincare,US,6,2026-04-27,t1,0,90,0.0
Clinique,skincare,US,6,2026-04-28,t1,33,92,35.87
Kiehl's,skincare,US,6,2026-04-28,t1,1,92,1.09
Sunday Riley,skincare,US,6,2026-04-28,t1,3,92,3.26
SK-II,skincare,US,6,2026-04-28,t1,0,92,0.0
Clinique,skincare,US,6,2026-04-29,t1,36,81,44.44
Kiehl's,skincare,US,6,2026-04-29,t1,2,81,2.47
Sunday Riley,skincare,US,6,2026-04-29,t1,3,81,3.7
SK-II,skincare,US,6,2026-04-29,t1,0,81,0.0
Clinique,skincare,US,6,2026-04-30,t1,38,90,42.22
Kiehl's,skincare,US,6,2026-04-30,t1,2,90,2.22
Sunday Riley,skincare,US,6,2026-04-30,t1,3,90,3.33
SK-II,skincare,US,6,2026-04-30,t1,0,90,0.0
Clinique,skincare,US,6,2026-05-01,t1,37,80,46.25
Kiehl's,skincare,US,6,2026-05-01,t1,3,80,3.75
Sunday Riley,skincare,US,6,2026-05-01,t1,3,80,3.75
SK-II,skincare,US,6,2026-05-01,t1,0,80,0.0
Clinique,skincare,US,6,2026-05-02,t1,44,93,47.31
Kiehl's,skincare,US,6,2026-05-02,t1,3,93,3.23
Sunday Riley,skincare,US,6,2026-05-02,t1,3,93,3.23
SK-II,skincare,US,6,2026-05-02,t1,1,93,1.08
Clinique,skincare,US,6,2026-05-03,t1,45,96,46.88
Kiehl's,skincare,US,6,2026-05-03,t1,3,96,3.12
Sunday Riley,skincare,US,6,2026-05-03,t1,3,96,3.12
SK-II,skincare,US,6,2026-05-03,t1,1,96,1.04
Clinique,skincare,US,6,2026-05-04,t2,36,90,40.0
Kiehl's,skincare,US,6,2026-05-04,t2,3,90,3.33
Sunday Riley,skincare,US,6,2026-05-04,t2,2,90,2.22
SK-II,skincare,US,6,2026-05-04,t2,0,90,0.0
Clinique,skincare,US,6,2026-05-05,t2,34,86,39.53
Kiehl's,skincare,US,6,2026-05-05,t2,1,86,1.16
Sunday Riley,skincare,US,6,2026-05-05,t2,2,86,2.33
SK-II,skincare,US,6,2026-05-05,t2,0,86,0.0
Clinique,skincare,US,6,2026-05-06,t2,36,86,41.86
Kiehl's,skincare,US,6,2026-05-06,t2,1,86,1.16
Sunday Riley,skincare,US,6,2026-05-06,t2,3,86,3.49
SK-II,skincare,US,6,2026-05-06,t2,1,86,1.16
Clinique,skincare,US,6,2026-05-07,t2,36,94,38.3
Kiehl's,skincare,US,6,2026-05-07,t2,1,94,1.06
Sunday Riley,skincare,US,6,2026-05-07,t2,2,94,2.13
SK-II,skincare,US,6,2026-05-07,t2,0,94,0.0
Clinique,skincare,US,6,2026-05-08,t2,37,90,41.11
Kiehl's,skincare,US,6,2026-05-08,t2,1,90,1.11
Sunday Riley,skincare,US,6,2026-05-08,t2,3,90,3.33
SK-II,skincare,US,6,2026-05-08,t2,1,90,1.11
Clinique,skincare,US,6,2026-05-09,t2,46,100,46.0
Kiehl's,skincare,US,6,2026-05-09,t2,1,100,1.0
Sunday Riley,skincare,US,6,2026-05-09,t2,3,100,3.0
SK-II,skincare,US,6,2026-05-09,t2,1,100,1.0
Clinique,skincare,US,6,2026-05-10,t2,41,93,44.09
Kiehl's,skincare,US,6,2026-05-10,t2,1,93,1.08
Sunday Riley,skincare,US,6,2026-05-10,t2,3,93,3.23
SK-II,skincare,US,6,2026-05-10,t2,1,93,1.08
Olay,skincare,US,7,2026-04-27,t1,24,90,26.67
Origins,skincare,US,7,2026-04-27,t1,4,90,4.44
Dermalogica,skincare,US,7,2026-04-27,t1,10,90,11.11
Murad,skincare,US,7,2026-04-27,t1,5,90,5.56
Olay,skincare,US,7,2026-04-28,t1,25,92,27.17
Origins,skincare,US,7,2026-04-28,t1,4,92,4.35
Dermalogica,skincare,US,7,2026-04-28,t1,11,92,11.96
Murad,skincare,US,7,2026-04-28,t1,6,92,6.52
Olay,skincare,US,7,2026-04-29,t1,23,81,28.4
Origins,skincare,US,7,2026-04-29,t1,4,81,4.94
Dermalogica,skincare,US,7,2026-04-29,t1,12,81,14.81
Murad,skincare,US,7,2026-04-29,t1,6,81,7.41
Olay,skincare,US,7,2026-04-30,t1,23,90,25.56
Origins,skincare,US,7,2026-04-30,t1,4,90,4.44
Dermalogica,skincare,US,7,2026-04-30,t1,11,90,12.22
Murad,skincare,US,7,2026-04-30,t1,6,90,6.67
Olay,skincare,US,7,2026-05-01,t1,24,80,30.0
Origins,skincare,US,7,2026-05-01,t1,4,80,5.0
Dermalogica,skincare,US,7,2026-05-01,t1,10,80,12.5
Murad,skincare,US,7,2026-05-01,t1,6,80,7.5
Olay,skincare,US,7,2026-05-02,t1,30,93,32.26
Origins,skincare,US,7,2026-05-02,t1,4,93,4.3
Dermalogica,skincare,US,7,2026-05-02,t1,11,93,11.83
Murad,skincare,US,7,2026-05-02,t1,6,93,6.45
Olay,skincare,US,7,2026-05-03,t1,28,96,29.17
Origins,skincare,US,7,2026-05-03,t1,4,96,4.17
Dermalogica,skincare,US,7,2026-05-03,t1,11,96,11.46
Murad,skincare,US,7,2026-05-03,t1,7,96,7.29
Olay,skincare,US,7,2026-05-04,t2,23,90,25.56
Origins,skincare,US,7,2026-05-04,t2,4,90,4.44
Dermalogica,skincare,US,7,2026-05-04,t2,10,90,11.11
Murad,skincare,US,7,2026-05-04,t2,5,90,5.56
Olay,skincare,US,7,2026-05-05,t2,26,86,30.23
Origins,skincare,US,7,2026-05-05,t2,4,86,4.65
Dermalogica,skincare,US,7,2026-05-05,t2,10,86,11.63
Murad,skincare,US,7,2026-05-05,t2,5,86,5.81
Olay,skincare,US,7,2026-05-06,t2,26,86,30.23
Origins,skincare,US,7,2026-05-06,t2,4,86,4.65
Dermalogica,skincare,US,7,2026-05-06,t2,12,86,13.95
Murad,skincare,US,7,2026-05-06,t2,6,86,6.98
Olay,skincare,US,7,2026-05-07,t2,25,94,26.6
Origins,skincare,US,7,2026-05-07,t2,4,94,4.26
Dermalogica,skincare,US,7,2026-05-07,t2,11,94,11.7
Murad,skincare,US,7,2026-05-07,t2,5,94,5.32
Olay,skincare,US,7,2026-05-08,t2,25,90,27.78
Origins,skincare,US,7,2026-05-08,t2,3,90,3.33
Dermalogica,skincare,US,7,2026-05-08,t2,10,90,11.11
Murad,skincare,US,7,2026-05-08,t2,5,90,5.56
Olay,skincare,US,7,2026-05-09,t2,31,100,31.0
Origins,skincare,US,7,2026-05-09,t2,4,100,4.0
Dermalogica,skincare,US,7,2026-05-09,t2,11,100,11.0
Murad,skincare,US,7,2026-05-09,t2,6,100,6.0
Olay,skincare,US,7,2026-05-10,t2,31,93,33.33
Origins,skincare,US,7,2026-05-10,t2,4,93,4.3
Dermalogica,skincare,US,7,2026-05-10,t2,10,93,10.75
Murad,skincare,US,7,2026-05-10,t2,5,93,5.38
Glossier,skincare,US,8,2026-04-27,t1,17,90,18.89
Beauty of Joseon,skincare,US,8,2026-04-27,t1,15,90,16.67
Glossier,skincare,US,8,2026-04-28,t1,17,92,18.48
Beauty of Joseon,skincare,US,8,2026-04-28,t1,15,92,16.3
Glossier,skincare,US,8,2026-04-29,t1,17,81,20.99
Beauty of Joseon,skincare,US,8,2026-04-29,t1,14,81,17.28
Glossier,skincare,US,8,2026-04-30,t1,17,90,18.89
Beauty of Joseon,skincare,US,8,2026-04-30,t1,13,90,14.44
Glossier,skincare,US,8,2026-05-01,t1,18,80,22.5
Beauty of Joseon,skincare,US,8,2026-05-01,t1,13,80,16.25
Glossier,skincare,US,8,2026-05-02,t1,20,93,21.51
Beauty of Joseon,skincare,US,8,2026-05-02,t1,15,93,16.13
Glossier,skincare,US,8,2026-05-03,t1,20,96,20.83
Beauty of Joseon,skincare,US,8,2026-05-03,t1,16,96,16.67
Glossier,skincare,US,8,2026-05-04,t2,19,90,21.11
Beauty of Joseon,skincare,US,8,2026-05-04,t2,13,90,14.44
Glossier,skincare,US,8,2026-05-05,t2,16,86,18.6
Beauty of Joseon,skincare,US,8,2026-05-05,t2,14,86,16.28
Glossier,skincare,US,8,2026-05-06,t2,17,86,19.77
Beauty of Joseon,skincare,US,8,2026-05-06,t2,13,86,15.12
Glossier,skincare,US,8,2026-05-07,t2,17,94,18.09
Beauty of Joseon,skincare,US,8,2026-05-07,t2,13,94,13.83
Glossier,skincare,US,8,2026-05-08,t2,19,90,21.11
Beauty of Joseon,skincare,US,8,2026-05-08,t2,14,90,15.56
Glossier,skincare,US,8,2026-05-09,t2,21,100,21.0
Beauty of Joseon,skincare,US,8,2026-05-09,t2,15,100,15.0
Glossier,skincare,US,8,2026-05-10,t2,19,93,20.43
Beauty of Joseon,skincare,US,8,2026-05-10,t2,17,93,18.28
YNAB,finance,US,1,2026-04-27,t1,8,8,100.0
Mint,finance,US,1,2026-04-27,t1,0,8,0.0
Quicken,finance,US,1,2026-04-27,t1,70,8,875.0
Empower,finance,US,1,2026-04-27,t1,77,8,962.5
NerdWallet,finance,US,1,2026-04-27,t1,15,8,187.5
YNAB,finance,US,1,2026-04-28,t1,9,9,100.0
Mint,finance,US,1,2026-04-28,t1,0,9,0.0
Quicken,finance,US,1,2026-04-28,t1,72,9,800.0
Empower,finance,US,1,2026-04-28,t1,79,9,877.78
NerdWallet,finance,US,1,2026-04-28,t1,16,9,177.78
YNAB,finance,US,1,2026-04-29,t1,8,8,100.0
Mint,finance,US,1,2026-04-29,t1,0,8,0.0
Quicken,finance,US,1,2026-04-29,t1,70,8,875.0
Empower,finance,US,1,2026-04-29,t1,74,8,925.0
NerdWallet,finance,US,1,2026-04-29,t1,15,8,187.5
YNAB,finance,US,1,2026-04-30,t1,9,9,100.0
Mint,finance,US,1,2026-04-30,t1,0,9,0.0
Quicken,finance,US,1,2026-04-30,t1,83,9,922.22
Empower,finance,US,1,2026-04-30,t1,79,9,877.78
NerdWallet,finance,US,1,2026-04-30,t1,14,9,155.56
YNAB,finance,US,1,2026-05-01,t1,11,11,100.0
Mint,finance,US,1,2026-05-01,t1,0,11,0.0
Quicken,finance,US,1,2026-05-01,t1,100,11,909.09
Empower,finance,US,1,2026-05-01,t1,83,11,754.55
NerdWallet,finance,US,1,2026-05-01,t1,14,11,127.27
YNAB,finance,US,1,2026-05-02,t1,9,9,100.0
Mint,finance,US,1,2026-05-02,t1,0,9,0.0
Quicken,finance,US,1,2026-05-02,t1,59,9,655.56
Empower,finance,US,1,2026-05-02,t1,46,9,511.11
NerdWallet,finance,US,1,2026-05-02,t1,12,9,133.33
YNAB,finance,US,1,2026-05-03,t1,8,8,100.0
Mint,finance,US,1,2026-05-03,t1,0,8,0.0
Quicken,finance,US,1,2026-05-03,t1,47,8,587.5
Empower,finance,US,1,2026-05-03,t1,46,8,575.0
NerdWallet,finance,US,1,2026-05-03,t1,12,8,150.0
YNAB,finance,US,1,2026-05-04,t2,9,9,100.0
Mint,finance,US,1,2026-05-04,t2,0,9,0.0
Quicken,finance,US,1,2026-05-04,t2,87,9,966.67
Empower,finance,US,1,2026-05-04,t2,76,9,844.44
NerdWallet,finance,US,1,2026-05-04,t2,14,9,155.56
YNAB,finance,US,1,2026-05-05,t2,9,9,100.0
Mint,finance,US,1,2026-05-05,t2,0,9,0.0
Quicken,finance,US,1,2026-05-05,t2,90,9,1000.0
Empower,finance,US,1,2026-05-05,t2,81,9,900.0
NerdWallet,finance,US,1,2026-05-05,t2,15,9,166.67
YNAB,finance,US,1,2026-05-06,t2,8,8,100.0
Mint,finance,US,1,2026-05-06,t2,0,8,0.0
Quicken,finance,US,1,2026-05-06,t2,76,8,950.0
Empower,finance,US,1,2026-05-06,t2,82,8,1025.0
NerdWallet,finance,US,1,2026-05-06,t2,16,8,200.0
YNAB,finance,US,1,2026-05-07,t2,8,8,100.0
Mint,finance,US,1,2026-05-07,t2,0,8,0.0
Quicken,finance,US,1,2026-05-07,t2,77,8,962.5
Empower,finance,US,1,2026-05-07,t2,82,8,1025.0
NerdWallet,finance,US,1,2026-05-07,t2,15,8,187.5
YNAB,finance,US,1,2026-05-08,t2,8,8,100.0
Mint,finance,US,1,2026-05-08,t2,0,8,0.0
Quicken,finance,US,1,2026-05-08,t2,74,8,925.0
Empower,finance,US,1,2026-05-08,t2,73,8,912.5
NerdWallet,finance,US,1,2026-05-08,t2,13,8,162.5
YNAB,finance,US,1,2026-05-09,t2,7,7,100.0
Mint,finance,US,1,2026-05-09,t2,0,7,0.0
Quicken,finance,US,1,2026-05-09,t2,48,7,685.71
Empower,finance,US,1,2026-05-09,t2,47,7,671.43
NerdWallet,finance,US,1,2026-05-09,t2,11,7,157.14
YNAB,finance,US,1,2026-05-10,t2,6,6,100.0
Mint,finance,US,1,2026-05-10,t2,0,6,0.0
Quicken,finance,US,1,2026-05-10,t2,35,6,583.33
Empower,finance,US,1,2026-05-10,t2,34,6,566.67
NerdWallet,finance,US,1,2026-05-10,t2,11,6,183.33
Rocket Money,finance,US,2,2026-04-27,t1,63,47,134.04
PocketGuard,finance,US,2,2026-04-27,t1,2,47,4.26
Goodbudget,finance,US,2,2026-04-27,t1,2,47,4.26
Rocket Money,finance,US,2,2026-04-28,t1,63,54,116.67
PocketGuard,finance,US,2,2026-04-28,t1,3,54,5.56
Goodbudget,finance,US,2,2026-04-28,t1,3,54,5.56
Rocket Money,finance,US,2,2026-04-29,t1,62,49,126.53
PocketGuard,finance,US,2,2026-04-29,t1,2,49,4.08
Goodbudget,finance,US,2,2026-04-29,t1,3,49,6.12
Rocket Money,finance,US,2,2026-04-30,t1,60,56,107.14
PocketGuard,finance,US,2,2026-04-30,t1,3,56,5.36
Goodbudget,finance,US,2,2026-04-30,t1,2,56,3.57
Rocket Money,finance,US,2,2026-05-01,t1,64,65,98.46
PocketGuard,finance,US,2,2026-05-01,t1,3,65,4.62
Goodbudget,finance,US,2,2026-05-01,t1,3,65,4.62
Rocket Money,finance,US,2,2026-05-02,t1,55,54,101.85
PocketGuard,finance,US,2,2026-05-02,t1,3,54,5.56
Goodbudget,finance,US,2,2026-05-02,t1,2,54,3.7
Rocket Money,finance,US,2,2026-05-03,t1,59,49,120.41
PocketGuard,finance,US,2,2026-05-03,t1,2,49,4.08
Goodbudget,finance,US,2,2026-05-03,t1,2,49,4.08
Rocket Money,finance,US,2,2026-05-04,t2,64,56,114.29
PocketGuard,finance,US,2,2026-05-04,t2,3,56,5.36
Goodbudget,finance,US,2,2026-05-04,t2,3,56,5.36
Rocket Money,finance,US,2,2026-05-05,t2,67,52,128.85
PocketGuard,finance,US,2,2026-05-05,t2,3,52,5.77
Goodbudget,finance,US,2,2026-05-05,t2,2,52,3.85
Rocket Money,finance,US,2,2026-05-06,t2,65,49,132.65
PocketGuard,finance,US,2,2026-05-06,t2,3,49,6.12
Goodbudget,finance,US,2,2026-05-06,t2,3,49,6.12
Rocket Money,finance,US,2,2026-05-07,t2,62,47,131.91
PocketGuard,finance,US,2,2026-05-07,t2,3,47,6.38
Goodbudget,finance,US,2,2026-05-07,t2,2,47,4.26
Rocket Money,finance,US,2,2026-05-08,t2,55,46,119.57
PocketGuard,finance,US,2,2026-05-08,t2,2,46,4.35
Goodbudget,finance,US,2,2026-05-08,t2,2,46,4.35
Rocket Money,finance,US,2,2026-05-09,t2,50,42,119.05
PocketGuard,finance,US,2,2026-05-09,t2,2,42,4.76
Goodbudget,finance,US,2,2026-05-09,t2,1,42,2.38
Rocket Money,finance,US,2,2026-05-10,t2,46,38,121.05
PocketGuard,finance,US,2,2026-05-10,t2,1,38,2.63
Goodbudget,finance,US,2,2026-05-10,t2,1,38,2.63
EveryDollar,finance,US,3,2026-04-27,t1,14,23,60.87
Monarch Money,finance,US,3,2026-04-27,t1,14,23,60.87
Copilot,finance,US,3,2026-04-27,t1,94,23,408.7
Lunch Money,finance,US,3,2026-04-27,t1,1,23,4.35
EveryDollar,finance,US,3,2026-04-28,t1,14,26,53.85
Monarch Money,finance,US,3,2026-04-28,t1,4,26,15.38
Copilot,finance,US,3,2026-04-28,t1,100,26,384.62
Lunch Money,finance,US,3,2026-04-28,t1,1,26,3.85
EveryDollar,finance,US,3,2026-04-29,t1,14,24,58.33
Monarch Money,finance,US,3,2026-04-29,t1,1,24,4.17
Copilot,finance,US,3,2026-04-29,t1,79,24,329.17
Lunch Money,finance,US,3,2026-04-29,t1,1,24,4.17
EveryDollar,finance,US,3,2026-04-30,t1,16,27,59.26
Monarch Money,finance,US,3,2026-04-30,t1,1,27,3.7
Copilot,finance,US,3,2026-04-30,t1,66,27,244.44
Lunch Money,finance,US,3,2026-04-30,t1,1,27,3.7
EveryDollar,finance,US,3,2026-05-01,t1,16,32,50.0
Monarch Money,finance,US,3,2026-05-01,t1,1,32,3.12
Copilot,finance,US,3,2026-05-01,t1,64,32,200.0
Lunch Money,finance,US,3,2026-05-01,t1,1,32,3.12
EveryDollar,finance,US,3,2026-05-02,t1,12,26,46.15
Monarch Money,finance,US,3,2026-05-02,t1,6,26,23.08
Copilot,finance,US,3,2026-05-02,t1,35,26,134.62
Lunch Money,finance,US,3,2026-05-02,t1,1,26,3.85
EveryDollar,finance,US,3,2026-05-03,t1,12,24,50.0
Monarch Money,finance,US,3,2026-05-03,t1,9,24,37.5
Copilot,finance,US,3,2026-05-03,t1,30,24,125.0
Lunch Money,finance,US,3,2026-05-03,t1,1,24,4.17
EveryDollar,finance,US,3,2026-05-04,t2,17,27,62.96
Monarch Money,finance,US,3,2026-05-04,t2,9,27,33.33
Copilot,finance,US,3,2026-05-04,t2,56,27,207.41
Lunch Money,finance,US,3,2026-05-04,t2,1,27,3.7
EveryDollar,finance,US,3,2026-05-05,t2,15,25,60.0
Monarch Money,finance,US,3,2026-05-05,t2,9,25,36.0
Copilot,finance,US,3,2026-05-05,t2,84,25,336.0
Lunch Money,finance,US,3,2026-05-05,t2,1,25,4.0
EveryDollar,finance,US,3,2026-05-06,t2,16,24,66.67
Monarch Money,finance,US,3,2026-05-06,t2,1,24,4.17
Copilot,finance,US,3,2026-05-06,t2,65,24,270.83
Lunch Money,finance,US,3,2026-05-06,t2,1,24,4.17
EveryDollar,finance,US,3,2026-05-07,t2,15,23,65.22
Monarch Money,finance,US,3,2026-05-07,t2,0,23,0.0
Copilot,finance,US,3,2026-05-07,t2,68,23,295.65
Lunch Money,finance,US,3,2026-05-07,t2,1,23,4.35
EveryDollar,finance,US,3,2026-05-08,t2,13,22,59.09
Monarch Money,finance,US,3,2026-05-08,t2,0,22,0.0
Copilot,finance,US,3,2026-05-08,t2,59,22,268.18
Lunch Money,finance,US,3,2026-05-08,t2,1,22,4.55
EveryDollar,finance,US,3,2026-05-09,t2,12,20,60.0
Monarch Money,finance,US,3,2026-05-09,t2,0,20,0.0
Copilot,finance,US,3,2026-05-09,t2,30,20,150.0
Lunch Money,finance,US,3,2026-05-09,t2,1,20,5.0
EveryDollar,finance,US,3,2026-05-10,t2,9,18,50.0
Monarch Money,finance,US,3,2026-05-10,t2,1,18,5.56
Copilot,finance,US,3,2026-05-10,t2,26,18,144.44
Lunch Money,finance,US,3,2026-05-10,t2,1,18,5.56
Origin,finance,US,4,2026-04-27,t1,15,9,166.67
Cleo,finance,US,4,2026-04-27,t1,0,9,0.0
Tiller,finance,US,4,2026-04-27,t1,0,9,0.0
Origin,finance,US,4,2026-04-28,t1,14,11,127.27
Cleo,finance,US,4,2026-04-28,t1,0,11,0.0
Tiller,finance,US,4,2026-04-28,t1,0,11,0.0
Origin,finance,US,4,2026-04-29,t1,13,10,130.0
Cleo,finance,US,4,2026-04-29,t1,0,10,0.0
Tiller,finance,US,4,2026-04-29,t1,0,10,0.0
Origin,finance,US,4,2026-04-30,t1,14,11,127.27
Cleo,finance,US,4,2026-04-30,t1,0,11,0.0
Tiller,finance,US,4,2026-04-30,t1,0,11,0.0
Origin,finance,US,4,2026-05-01,t1,15,13,115.38
Cleo,finance,US,4,2026-05-01,t1,0,13,0.0
Tiller,finance,US,4,2026-05-01,t1,0,13,0.0
Origin,finance,US,4,2026-05-02,t1,20,11,181.82
Cleo,finance,US,4,2026-05-02,t1,0,11,0.0
Tiller,finance,US,4,2026-05-02,t1,0,11,0.0
Origin,finance,US,4,2026-05-03,t1,18,10,180.0
Cleo,finance,US,4,2026-05-03,t1,0,10,0.0
Tiller,finance,US,4,2026-05-03,t1,0,10,0.0
Origin,finance,US,4,2026-05-04,t2,17,11,154.55
Cleo,finance,US,4,2026-05-04,t2,0,11,0.0
Tiller,finance,US,4,2026-05-04,t2,0,11,0.0
Origin,finance,US,4,2026-05-05,t2,18,10,180.0
Cleo,finance,US,4,2026-05-05,t2,0,10,0.0
Tiller,finance,US,4,2026-05-05,t2,0,10,0.0
Origin,finance,US,4,2026-05-06,t2,18,10,180.0
Cleo,finance,US,4,2026-05-06,t2,0,10,0.0
Tiller,finance,US,4,2026-05-06,t2,0,10,0.0
Origin,finance,US,4,2026-05-07,t2,16,9,177.78
Cleo,finance,US,4,2026-05-07,t2,0,9,0.0
Tiller,finance,US,4,2026-05-07,t2,0,9,0.0
Origin,finance,US,4,2026-05-08,t2,15,9,166.67
Cleo,finance,US,4,2026-05-08,t2,0,9,0.0
Tiller,finance,US,4,2026-05-08,t2,0,9,0.0
Origin,finance,US,4,2026-05-09,t2,18,8,225.0
Cleo,finance,US,4,2026-05-09,t2,0,8,0.0
Tiller,finance,US,4,2026-05-09,t2,0,8,0.0
Origin,finance,US,4,2026-05-10,t2,18,7,257.14
Cleo,finance,US,4,2026-05-10,t2,0,7,0.0
Tiller,finance,US,4,2026-05-10,t2,0,7,0.0
